Date;Price;;;;;;;;
06/21/24;5.465,;;;;;;;;
06/20/24;5.473,;;;;;;;;
06/18/24;5.487,;;;;;;;;
06/17/24;5.473,;;;;;;;;
06/14/24;5.432,;;;;;;;;
06/13/24;5.434,;;;;;;;;
06/12/24;5.421,;;;;;;;;
06/11/24;5.375,;;;;;;;;
06/10/24;5.361,;;;;;;;;
06/07/24;5.347,;;;;;;;;
06/06/24;5.353,;;;;;;;;
06/05/24;5.354,;;;;;;;;
06/04/24;5.291,;;;;;;;;
06/03/24;5.283,;;;;;;;;
05/31/24;5.278,;;;;;;;;
05/30/24;5.235,;;;;;;;;
05/29/24;5.267,;;;;;;;;
05/28/24;5.306,;;;;;;;;
05/24/24;5.305,;;;;;;;;
05/23/24;5.268,;;;;;;;;
05/22/24;5.307,;;;;;;;;
05/21/24;5.321,;;;;;;;;
05/20/24;5.308,;;;;;;;;
05/17/24;5.303,;;;;;;;;
05/16/24;5.297,;;;;;;;;
05/15/24;5.308,;;;;;;;;
05/14/24;5.247,;;;;;;;;
05/13/24;5.221,;;;;;;;;
05/10/24;5.223,;;;;;;;;
05/09/24;5.214,;;;;;;;;
05/08/24;5.188,;;;;;;;;
05/07/24;5.188,;;;;;;;;
05/06/24;5.181,;;;;;;;;
05/03/24;5.128,;;;;;;;;
05/02/24;5.064,;;;;;;;;
05/01/24;5.018,;;;;;;;;
04/30/24;5.036,;;;;;;;;
04/29/24;5.116,;;;;;;;;
04/26/24;5.100,;;;;;;;;
04/25/24;5.048,;;;;;;;;
04/24/24;5.072,;;;;;;;;
04/23/24;5.071,;;;;;;;;
04/22/24;5.011,;;;;;;;;
04/19/24;4.967,;;;;;;;;
04/18/24;5.011,;;;;;;;;
04/17/24;5.022,;;;;;;;;
04/16/24;5.051,;;;;;;;;
04/15/24;5.062,;;;;;;;;
04/12/24;5.123,;;;;;;;;
04/11/24;5.199,;;;;;;;;
04/10/24;5.161,;;;;;;;;
04/09/24;5.210,;;;;;;;;
04/08/24;5.202,;;;;;;;;
04/05/24;5.204,;;;;;;;;
04/04/24;5.147,;;;;;;;;
04/03/24;5.211,;;;;;;;;
04/02/24;5.206,;;;;;;;;
04/01/24;5.244,;;;;;;;;
03/28/24;5.254,;;;;;;;;
03/27/24;5.248,;;;;;;;;
03/26/24;5.204,;;;;;;;;
03/25/24;5.218,;;;;;;;;
03/22/24;5.234,;;;;;;;;
03/21/24;5.242,;;;;;;;;
03/20/24;5.225,;;;;;;;;
03/19/24;5.179,;;;;;;;;
03/18/24;5.149,;;;;;;;;
03/15/24;5.117,;;;;;;;;
03/14/24;5.150,;;;;;;;;
03/13/24;5.165,;;;;;;;;
03/12/24;5.175,;;;;;;;;
03/11/24;5.118,;;;;;;;;
03/08/24;5.124,;;;;;;;;
03/07/24;5.157,;;;;;;;;
03/06/24;5.105,;;;;;;;;
03/05/24;5.079,;;;;;;;;
03/04/24;5.131,;;;;;;;;
03/01/24;5.137,;;;;;;;;
02/29/24;5.096,;;;;;;;;
02/28/24;5.070,;;;;;;;;
02/27/24;5.078,;;;;;;;;
02/26/24;5.070,;;;;;;;;
02/23/24;5.089,;;;;;;;;
02/22/24;5.087,;;;;;;;;
02/21/24;4.982,;;;;;;;;
02/20/24;4.976,;;;;;;;;
02/16/24;5.006,;;;;;;;;
02/15/24;5.030,;;;;;;;;
02/14/24;5.001,;;;;;;;;
02/13/24;4.953,;;;;;;;;
02/12/24;5.022,;;;;;;;;
02/09/24;5.027,;;;;;;;;
02/08/24;4.998,;;;;;;;;
02/07/24;4.995,;;;;;;;;
02/06/24;4.954,;;;;;;;;
02/05/24;4.943,;;;;;;;;
02/02/24;4.959,;;;;;;;;
02/01/24;4.906,;;;;;;;;
01/31/24;4.846,;;;;;;;;
01/30/24;4.925,;;;;;;;;
01/29/24;4.928,;;;;;;;;
01/26/24;4.891,;;;;;;;;
01/25/24;4.894,;;;;;;;;
01/24/24;4.869,;;;;;;;;
01/23/24;4.865,;;;;;;;;
01/22/24;4.850,;;;;;;;;
01/19/24;4.840,;;;;;;;;
01/18/24;4.781,;;;;;;;;
01/17/24;4.739,;;;;;;;;
01/16/24;4.766,;;;;;;;;
01/12/24;4.784,;;;;;;;;
01/11/24;4.780,;;;;;;;;
01/10/24;4.783,;;;;;;;;
01/09/24;4.756,;;;;;;;;
01/08/24;4.764,;;;;;;;;
01/05/24;4.697,;;;;;;;;
01/04/24;4.689,;;;;;;;;
01/03/24;4.705,;;;;;;;;
01/02/24;4.743,;;;;;;;;
12/29/23;4.770,;;;;;;;;
12/28/23;4.783,;;;;;;;;
12/27/23;4.782,;;;;;;;;
12/26/23;4.775,;;;;;;;;
12/22/23;4.755,;;;;;;;;
12/21/23;4.747,;;;;;;;;
12/20/23;4.698,;;;;;;;;
12/19/23;4.768,;;;;;;;;
12/18/23;4.741,;;;;;;;;
12/15/23;4.719,;;;;;;;;
12/14/23;4.720,;;;;;;;;
12/13/23;4.707,;;;;;;;;
12/12/23;4.644,;;;;;;;;
12/11/23;4.622,;;;;;;;;
12/08/23;4.604,;;;;;;;;
12/07/23;4.586,;;;;;;;;
12/06/23;4.549,;;;;;;;;
12/05/23;4.567,;;;;;;;;
12/04/23;4.570,;;;;;;;;
12/01/23;4.595,;;;;;;;;
11/30/23;4.568,;;;;;;;;
11/29/23;4.551,;;;;;;;;
11/28/23;4.555,;;;;;;;;
11/27/23;4.550,;;;;;;;;
11/24/23;4.559,;;;;;;;;
11/22/23;4.557,;;;;;;;;
11/21/23;4.538,;;;;;;;;
11/20/23;4.547,;;;;;;;;
11/17/23;4.514,;;;;;;;;
11/16/23;4.508,;;;;;;;;
11/15/23;4.503,;;;;;;;;
11/14/23;4.496,;;;;;;;;
11/13/23;4.412,;;;;;;;;
11/10/23;4.415,;;;;;;;;
11/09/23;4.347,;;;;;;;;
11/08/23;4.383,;;;;;;;;
11/07/23;4.378,;;;;;;;;
11/06/23;4.366,;;;;;;;;
11/03/23;4.358,;;;;;;;;
11/02/23;4.318,;;;;;;;;
11/01/23;4.238,;;;;;;;;
10/31/23;4.194,;;;;;;;;
10/30/23;4.167,;;;;;;;;
10/27/23;4.117,;;;;;;;;
10/26/23;4.137,;;;;;;;;
10/25/23;4.187,;;;;;;;;
10/24/23;4.248,;;;;;;;;
10/23/23;4.217,;;;;;;;;
10/20/23;4.224,;;;;;;;;
10/19/23;4.278,;;;;;;;;
10/18/23;4.315,;;;;;;;;
10/17/23;4.373,;;;;;;;;
10/16/23;4.374,;;;;;;;;
10/13/23;4.328,;;;;;;;;
10/12/23;4.350,;;;;;;;;
10/11/23;4.377,;;;;;;;;
10/10/23;4.358,;;;;;;;;
10/09/23;4.336,;;;;;;;;
10/06/23;4.309,;;;;;;;;
10/05/23;4.258,;;;;;;;;
10/04/23;4.264,;;;;;;;;
10/03/23;4.229,;;;;;;;;
10/02/23;4.288,;;;;;;;;
09/29/23;4.288,;;;;;;;;
09/28/23;4.300,;;;;;;;;
09/27/23;4.275,;;;;;;;;
09/26/23;4.274,;;;;;;;;
09/25/23;4.337,;;;;;;;;
09/22/23;4.320,;;;;;;;;
09/21/23;4.330,;;;;;;;;
09/20/23;4.402,;;;;;;;;
09/19/23;4.444,;;;;;;;;
09/18/23;4.454,;;;;;;;;
09/15/23;4.450,;;;;;;;;
09/14/23;4.505,;;;;;;;;
09/13/23;4.467,;;;;;;;;
09/12/23;4.462,;;;;;;;;
09/11/23;4.487,;;;;;;;;
09/08/23;4.457,;;;;;;;;
09/07/23;4.451,;;;;;;;;
09/06/23;4.465,;;;;;;;;
09/05/23;4.497,;;;;;;;;
09/01/23;4.516,;;;;;;;;
08/31/23;4.508,;;;;;;;;
08/30/23;4.515,;;;;;;;;
08/29/23;4.498,;;;;;;;;
08/28/23;4.433,;;;;;;;;
08/25/23;4.406,;;;;;;;;
08/24/23;4.376,;;;;;;;;
08/23/23;4.436,;;;;;;;;
08/22/23;4.388,;;;;;;;;
08/21/23;4.400,;;;;;;;;
08/18/23;4.370,;;;;;;;;
08/17/23;4.370,;;;;;;;;
08/16/23;4.404,;;;;;;;;
08/15/23;4.438,;;;;;;;;
08/14/23;4.490,;;;;;;;;
08/11/23;4.464,;;;;;;;;
08/10/23;4.469,;;;;;;;;
08/09/23;4.468,;;;;;;;;
08/08/23;4.499,;;;;;;;;
08/07/23;4.518,;;;;;;;;
08/04/23;4.478,;;;;;;;;
08/03/23;4.502,;;;;;;;;
08/02/23;4.513,;;;;;;;;
08/01/23;4.577,;;;;;;;;
07/31/23;4.589,;;;;;;;;
07/28/23;4.582,;;;;;;;;
07/27/23;4.537,;;;;;;;;
07/26/23;4.567,;;;;;;;;
07/25/23;4.567,;;;;;;;;
07/24/23;4.555,;;;;;;;;
07/21/23;4.536,;;;;;;;;
07/20/23;4.535,;;;;;;;;
07/19/23;4.566,;;;;;;;;
07/18/23;4.555,;;;;;;;;
07/17/23;4.523,;;;;;;;;
07/14/23;4.505,;;;;;;;;
07/13/23;4.510,;;;;;;;;
07/12/23;4.472,;;;;;;;;
07/11/23;4.439,;;;;;;;;
07/10/23;4.410,;;;;;;;;
07/07/23;4.399,;;;;;;;;
07/06/23;4.412,;;;;;;;;
07/05/23;4.447,;;;;;;;;
07/03/23;4.456,;;;;;;;;
06/30/23;4.450,;;;;;;;;
06/29/23;4.396,;;;;;;;;
06/28/23;4.377,;;;;;;;;
06/27/23;4.378,;;;;;;;;
06/26/23;4.329,;;;;;;;;
06/23/23;4.348,;;;;;;;;
06/22/23;4.382,;;;;;;;;
06/21/23;4.366,;;;;;;;;
06/20/23;4.389,;;;;;;;;
06/16/23;4.410,;;;;;;;;
06/15/23;4.426,;;;;;;;;
06/14/23;4.373,;;;;;;;;
06/13/23;4.369,;;;;;;;;
06/12/23;4.339,;;;;;;;;
06/09/23;4.299,;;;;;;;;
06/08/23;4.294,;;;;;;;;
06/07/23;4.268,;;;;;;;;
06/06/23;4.284,;;;;;;;;
06/05/23;4.274,;;;;;;;;
06/02/23;4.282,;;;;;;;;
06/01/23;4.221,;;;;;;;;
05/31/23;4.180,;;;;;;;;
05/30/23;4.206,;;;;;;;;
05/26/23;4.205,;;;;;;;;
05/25/23;4.151,;;;;;;;;
05/24/23;4.115,;;;;;;;;
05/23/23;4.146,;;;;;;;;
05/22/23;4.193,;;;;;;;;
05/19/23;4.192,;;;;;;;;
05/18/23;4.198,;;;;;;;;
05/17/23;4.159,;;;;;;;;
05/16/23;4.110,;;;;;;;;
05/15/23;4.136,;;;;;;;;
05/12/23;4.124,;;;;;;;;
05/11/23;4.131,;;;;;;;;
05/10/23;4.138,;;;;;;;;
05/09/23;4.119,;;;;;;;;
05/08/23;4.138,;;;;;;;;
05/05/23;4.136,;;;;;;;;
05/04/23;4.061,;;;;;;;;
05/03/23;4.091,;;;;;;;;
05/02/23;4.120,;;;;;;;;
05/01/23;4.168,;;;;;;;;
04/28/23;4.169,;;;;;;;;
04/27/23;4.135,;;;;;;;;
04/26/23;4.056,;;;;;;;;
04/25/23;4.072,;;;;;;;;
04/24/23;4.137,;;;;;;;;
04/21/23;4.134,;;;;;;;;
04/20/23;4.130,;;;;;;;;
04/19/23;4.155,;;;;;;;;
04/18/23;4.155,;;;;;;;;
04/17/23;4.151,;;;;;;;;
04/14/23;4.138,;;;;;;;;
04/13/23;4.146,;;;;;;;;
04/12/23;4.092,;;;;;;;;
04/11/23;4.109,;;;;;;;;
04/10/23;4.109,;;;;;;;;
04/06/23;4.105,;;;;;;;;
04/05/23;4.090,;;;;;;;;
04/04/23;4.101,;;;;;;;;
04/03/23;4.125,;;;;;;;;
03/31/23;4.109,;;;;;;;;
03/30/23;4.051,;;;;;;;;
03/29/23;4.028,;;;;;;;;
03/28/23;3.971,;;;;;;;;
03/27/23;3.978,;;;;;;;;
03/24/23;3.971,;;;;;;;;
03/23/23;3.949,;;;;;;;;
03/22/23;3.937,;;;;;;;;
03/21/23;4.003,;;;;;;;;
03/20/23;3.952,;;;;;;;;
03/17/23;3.917,;;;;;;;;
03/16/23;3.960,;;;;;;;;
03/15/23;3.892,;;;;;;;;
03/14/23;3.919,;;;;;;;;
03/13/23;3.856,;;;;;;;;
03/10/23;3.862,;;;;;;;;
03/09/23;3.918,;;;;;;;;
03/08/23;3.992,;;;;;;;;
03/07/23;3.986,;;;;;;;;
03/06/23;4.048,;;;;;;;;
03/03/23;4.046,;;;;;;;;
03/02/23;3.981,;;;;;;;;
03/01/23;3.951,;;;;;;;;
02/28/23;3.970,;;;;;;;;
02/27/23;3.982,;;;;;;;;
02/24/23;3.970,;;;;;;;;
02/23/23;4.012,;;;;;;;;
02/22/23;3.991,;;;;;;;;
02/21/23;3.997,;;;;;;;;
02/17/23;4.079,;;;;;;;;
02/16/23;4.090,;;;;;;;;
02/15/23;4.148,;;;;;;;;
02/14/23;4.136,;;;;;;;;
02/13/23;4.137,;;;;;;;;
02/10/23;4.090,;;;;;;;;
02/09/23;4.082,;;;;;;;;
02/08/23;4.118,;;;;;;;;
02/07/23;4.164,;;;;;;;;
02/06/23;4.111,;;;;;;;;
02/03/23;4.136,;;;;;;;;
02/02/23;4.180,;;;;;;;;
02/01/23;4.119,;;;;;;;;
01/31/23;4.077,;;;;;;;;
01/30/23;4.018,;;;;;;;;
01/27/23;4.071,;;;;;;;;
01/26/23;4.060,;;;;;;;;
01/25/23;4.016,;;;;;;;;
01/24/23;4.017,;;;;;;;;
01/23/23;4.020,;;;;;;;;
01/20/23;3.973,;;;;;;;;
01/19/23;3.899,;;;;;;;;
01/18/23;3.929,;;;;;;;;
01/17/23;3.991,;;;;;;;;
01/13/23;3.999,;;;;;;;;
01/12/23;3.983,;;;;;;;;
01/11/23;3.970,;;;;;;;;
01/10/23;3.919,;;;;;;;;
01/09/23;3.892,;;;;;;;;
01/06/23;3.895,;;;;;;;;
01/05/23;3.808,;;;;;;;;
01/04/23;3.853,;;;;;;;;
01/03/23;3.824,;;;;;;;;
12/30/22;3.839,;;;;;;;;
12/29/22;3.849,;;;;;;;;
12/28/22;3.783,;;;;;;;;
12/27/22;3.829,;;;;;;;;
12/23/22;3.845,;;;;;;;;
12/22/22;3.822,;;;;;;;;
12/21/22;3.878,;;;;;;;;
12/20/22;3.822,;;;;;;;;
12/19/22;3.818,;;;;;;;;
12/16/22;3.852,;;;;;;;;
12/15/22;3.896,;;;;;;;;
12/14/22;3.995,;;;;;;;;
12/13/22;4.020,;;;;;;;;
12/12/22;3.991,;;;;;;;;
12/09/22;3.934,;;;;;;;;
12/08/22;3.964,;;;;;;;;
12/07/22;3.934,;;;;;;;;
12/06/22;3.941,;;;;;;;;
12/05/22;3.999,;;;;;;;;
12/02/22;4.072,;;;;;;;;
12/01/22;4.077,;;;;;;;;
11/30/22;4.080,;;;;;;;;
11/29/22;3.958,;;;;;;;;
11/28/22;3.964,;;;;;;;;
11/25/22;4.026,;;;;;;;;
11/23/22;4.027,;;;;;;;;
11/22/22;4.004,;;;;;;;;
11/21/22;3.950,;;;;;;;;
11/18/22;3.965,;;;;;;;;
11/17/22;3.947,;;;;;;;;
11/16/22;3.959,;;;;;;;;
11/15/22;3.992,;;;;;;;;
11/14/22;3.957,;;;;;;;;
11/11/22;3.993,;;;;;;;;
11/10/22;3.956,;;;;;;;;
11/09/22;3.749,;;;;;;;;
11/08/22;3.828,;;;;;;;;
11/07/22;3.807,;;;;;;;;
11/04/22;3.771,;;;;;;;;
11/03/22;3.720,;;;;;;;;
11/02/22;3.760,;;;;;;;;
11/01/22;3.856,;;;;;;;;
10/31/22;3.872,;;;;;;;;
10/28/22;3.901,;;;;;;;;
10/27/22;3.807,;;;;;;;;
10/26/22;3.831,;;;;;;;;
10/25/22;3.859,;;;;;;;;
10/24/22;3.797,;;;;;;;;
10/21/22;3.753,;;;;;;;;
10/20/22;3.666,;;;;;;;;
10/19/22;3.695,;;;;;;;;
10/18/22;3.720,;;;;;;;;
10/17/22;3.678,;;;;;;;;
10/14/22;3.583,;;;;;;;;
10/13/22;3.670,;;;;;;;;
10/12/22;3.577,;;;;;;;;
10/11/22;3.589,;;;;;;;;
10/10/22;3.612,;;;;;;;;
10/07/22;3.640,;;;;;;;;
10/06/22;3.745,;;;;;;;;
10/05/22;3.783,;;;;;;;;
10/04/22;3.791,;;;;;;;;
10/03/22;3.678,;;;;;;;;
09/30/22;3.586,;;;;;;;;
09/29/22;3.640,;;;;;;;;
09/28/22;3.719,;;;;;;;;
09/27/22;3.647,;;;;;;;;
09/26/22;3.655,;;;;;;;;
09/23/22;3.693,;;;;;;;;
09/22/22;3.758,;;;;;;;;
09/21/22;3.790,;;;;;;;;
09/20/22;3.856,;;;;;;;;
09/19/22;3.900,;;;;;;;;
09/16/22;3.873,;;;;;;;;
09/15/22;3.901,;;;;;;;;
09/14/22;3.946,;;;;;;;;
09/13/22;3.933,;;;;;;;;
09/12/22;4.110,;;;;;;;;
09/09/22;4.067,;;;;;;;;
09/08/22;4.006,;;;;;;;;
09/07/22;3.980,;;;;;;;;
09/06/22;3.908,;;;;;;;;
09/02/22;3.924,;;;;;;;;
09/01/22;3.967,;;;;;;;;
08/31/22;3.955,;;;;;;;;
08/30/22;3.986,;;;;;;;;
08/29/22;4.031,;;;;;;;;
08/26/22;4.058,;;;;;;;;
08/25/22;4.199,;;;;;;;;
08/24/22;4.141,;;;;;;;;
08/23/22;4.129,;;;;;;;;
08/22/22;4.138,;;;;;;;;
08/19/22;4.228,;;;;;;;;
08/18/22;4.284,;;;;;;;;
08/17/22;4.274,;;;;;;;;
08/16/22;4.305,;;;;;;;;
08/15/22;4.297,;;;;;;;;
08/12/22;4.280,;;;;;;;;
08/11/22;4.207,;;;;;;;;
08/10/22;4.210,;;;;;;;;
08/09/22;4.122,;;;;;;;;
08/08/22;4.140,;;;;;;;;
08/05/22;4.145,;;;;;;;;
08/04/22;4.152,;;;;;;;;
08/03/22;4.155,;;;;;;;;
08/02/22;4.091,;;;;;;;;
08/01/22;4.119,;;;;;;;;
07/29/22;4.130,;;;;;;;;
07/28/22;4.072,;;;;;;;;
07/27/22;4.024,;;;;;;;;
07/26/22;3.921,;;;;;;;;
07/25/22;3.967,;;;;;;;;
07/22/22;3.962,;;;;;;;;
07/21/22;3.999,;;;;;;;;
07/20/22;3.960,;;;;;;;;
07/19/22;3.937,;;;;;;;;
07/18/22;3.831,;;;;;;;;
07/15/22;3.863,;;;;;;;;
07/14/22;3.790,;;;;;;;;
07/13/22;3.802,;;;;;;;;
07/12/22;3.819,;;;;;;;;
07/11/22;3.854,;;;;;;;;
07/08/22;3.899,;;;;;;;;
07/07/22;3.903,;;;;;;;;
07/06/22;3.845,;;;;;;;;
07/05/22;3.831,;;;;;;;;
07/01/22;3.825,;;;;;;;;
06/30/22;3.785,;;;;;;;;
06/29/22;3.819,;;;;;;;;
06/28/22;3.822,;;;;;;;;
06/27/22;3.900,;;;;;;;;
06/24/22;3.912,;;;;;;;;
06/23/22;3.796,;;;;;;;;
06/22/22;3.760,;;;;;;;;
06/21/22;3.765,;;;;;;;;
06/17/22;3.675,;;;;;;;;
06/16/22;3.667,;;;;;;;;
06/15/22;3.790,;;;;;;;;
06/14/22;3.735,;;;;;;;;
06/13/22;3.750,;;;;;;;;
06/10/22;3.901,;;;;;;;;
06/09/22;4.018,;;;;;;;;
06/08/22;4.116,;;;;;;;;
06/07/22;4.161,;;;;;;;;
06/06/22;4.121,;;;;;;;;
06/03/22;4.109,;;;;;;;;
06/02/22;4.177,;;;;;;;;
06/01/22;4.101,;;;;;;;;
05/31/22;4.132,;;;;;;;;
05/27/22;4.158,;;;;;;;;
05/26/22;4.058,;;;;;;;;
05/25/22;3.979,;;;;;;;;
05/24/22;3.941,;;;;;;;;
05/23/22;3.974,;;;;;;;;
05/20/22;3.901,;;;;;;;;
05/19/22;3.901,;;;;;;;;
05/18/22;3.924,;;;;;;;;
05/17/22;4.089,;;;;;;;;
05/16/22;4.008,;;;;;;;;
05/13/22;4.024,;;;;;;;;
05/12/22;3.930,;;;;;;;;
05/11/22;3.935,;;;;;;;;
05/10/22;4.001,;;;;;;;;
05/09/22;3.991,;;;;;;;;
05/06/22;4.123,;;;;;;;;
05/05/22;4.147,;;;;;;;;
05/04/22;4.300,;;;;;;;;
05/03/22;4.175,;;;;;;;;
05/02/22;4.155,;;;;;;;;
04/29/22;4.132,;;;;;;;;
04/28/22;4.288,;;;;;;;;
04/27/22;4.184,;;;;;;;;
04/26/22;4.175,;;;;;;;;
04/25/22;4.296,;;;;;;;;
04/22/22;4.272,;;;;;;;;
04/21/22;4.394,;;;;;;;;
04/20/22;4.459,;;;;;;;;
04/19/22;4.462,;;;;;;;;
04/18/22;4.392,;;;;;;;;
04/14/22;4.393,;;;;;;;;
04/13/22;4.447,;;;;;;;;
04/12/22;4.397,;;;;;;;;
04/11/22;4.413,;;;;;;;;
04/08/22;4.488,;;;;;;;;
04/07/22;4.500,;;;;;;;;
04/06/22;4.481,;;;;;;;;
04/05/22;4.525,;;;;;;;;
04/04/22;4.583,;;;;;;;;
04/01/22;4.546,;;;;;;;;
03/31/22;4.530,;;;;;;;;
03/30/22;4.602,;;;;;;;;
03/29/22;4.632,;;;;;;;;
03/28/22;4.576,;;;;;;;;
03/25/22;4.543,;;;;;;;;
03/24/22;4.520,;;;;;;;;
03/23/22;4.456,;;;;;;;;
03/22/22;4.512,;;;;;;;;
03/21/22;4.461,;;;;;;;;
03/18/22;4.463,;;;;;;;;
03/17/22;4.412,;;;;;;;;
03/16/22;4.358,;;;;;;;;
03/15/22;4.262,;;;;;;;;
03/14/22;4.173,;;;;;;;;
03/11/22;4.204,;;;;;;;;
03/10/22;4.260,;;;;;;;;
03/09/22;4.278,;;;;;;;;
03/08/22;4.171,;;;;;;;;
03/07/22;4.201,;;;;;;;;
03/04/22;4.329,;;;;;;;;
03/03/22;4.363,;;;;;;;;
03/02/22;4.387,;;;;;;;;
03/01/22;4.306,;;;;;;;;
02/28/22;4.374,;;;;;;;;
02/25/22;4.385,;;;;;;;;
02/24/22;4.289,;;;;;;;;
02/23/22;4.226,;;;;;;;;
02/22/22;4.305,;;;;;;;;
02/18/22;4.349,;;;;;;;;
02/17/22;4.380,;;;;;;;;
02/16/22;4.475,;;;;;;;;
02/15/22;4.471,;;;;;;;;
02/14/22;4.402,;;;;;;;;
02/11/22;4.419,;;;;;;;;
02/10/22;4.504,;;;;;;;;
02/09/22;4.587,;;;;;;;;
02/08/22;4.522,;;;;;;;;
02/07/22;4.484,;;;;;;;;
02/04/22;4.501,;;;;;;;;
02/03/22;4.477,;;;;;;;;
02/02/22;4.589,;;;;;;;;
02/01/22;4.547,;;;;;;;;
01/31/22;4.516,;;;;;;;;
01/28/22;4.432,;;;;;;;;
01/27/22;4.327,;;;;;;;;
01/26/22;4.350,;;;;;;;;
01/25/22;4.356,;;;;;;;;
01/24/22;4.410,;;;;;;;;
01/21/22;4.398,;;;;;;;;
01/20/22;4.483,;;;;;;;;
01/19/22;4.533,;;;;;;;;
01/18/22;4.577,;;;;;;;;
01/14/22;4.663,;;;;;;;;
01/13/22;4.659,;;;;;;;;
01/12/22;4.726,;;;;;;;;
01/11/22;4.713,;;;;;;;;
01/10/22;4.670,;;;;;;;;
01/07/22;4.677,;;;;;;;;
01/06/22;4.696,;;;;;;;;
01/05/22;4.701,;;;;;;;;
01/04/22;4.794,;;;;;;;;
01/03/22;4.797,;;;;;;;;
12/31/21;4.766,;;;;;;;;
12/30/21;4.779,;;;;;;;;
12/29/21;4.793,;;;;;;;;
12/28/21;4.786,;;;;;;;;
12/27/21;4.791,;;;;;;;;
12/23/21;4.726,;;;;;;;;
12/22/21;4.697,;;;;;;;;
12/21/21;4.649,;;;;;;;;
12/20/21;4.568,;;;;;;;;
12/17/21;4.621,;;;;;;;;
12/16/21;4.669,;;;;;;;;
12/15/21;4.710,;;;;;;;;
12/14/21;4.634,;;;;;;;;
12/13/21;4.669,;;;;;;;;
12/10/21;4.712,;;;;;;;;
12/09/21;4.667,;;;;;;;;
12/08/21;4.701,;;;;;;;;
12/07/21;4.687,;;;;;;;;
12/06/21;4.592,;;;;;;;;
12/03/21;4.538,;;;;;;;;
12/02/21;4.577,;;;;;;;;
12/01/21;4.513,;;;;;;;;
11/30/21;4.567,;;;;;;;;
11/29/21;4.655,;;;;;;;;
11/26/21;4.595,;;;;;;;;
11/24/21;4.701,;;;;;;;;
11/23/21;4.691,;;;;;;;;
11/22/21;4.683,;;;;;;;;
11/19/21;4.698,;;;;;;;;
11/18/21;4.705,;;;;;;;;
11/17/21;4.689,;;;;;;;;
11/16/21;4.701,;;;;;;;;
11/15/21;4.683,;;;;;;;;
11/12/21;4.683,;;;;;;;;
11/11/21;4.649,;;;;;;;;
11/10/21;4.647,;;;;;;;;
11/09/21;4.685,;;;;;;;;
11/08/21;4.702,;;;;;;;;
11/05/21;4.698,;;;;;;;;
11/04/21;4.680,;;;;;;;;
11/03/21;4.661,;;;;;;;;
11/02/21;4.631,;;;;;;;;
11/01/21;4.614,;;;;;;;;
10/29/21;4.605,;;;;;;;;
10/28/21;4.596,;;;;;;;;
10/27/21;4.552,;;;;;;;;
10/26/21;4.575,;;;;;;;;
10/25/21;4.566,;;;;;;;;
10/22/21;4.545,;;;;;;;;
10/21/21;4.550,;;;;;;;;
10/20/21;4.536,;;;;;;;;
10/19/21;4.520,;;;;;;;;
10/18/21;4.486,;;;;;;;;
10/15/21;4.471,;;;;;;;;
10/14/21;4.438,;;;;;;;;
10/13/21;4.364,;;;;;;;;
10/12/21;4.351,;;;;;;;;
10/11/21;4.361,;;;;;;;;
10/08/21;4.391,;;;;;;;;
10/07/21;4.400,;;;;;;;;
10/06/21;4.364,;;;;;;;;
10/05/21;4.346,;;;;;;;;
10/04/21;4.300,;;;;;;;;
10/01/21;4.357,;;;;;;;;
09/30/21;4.308,;;;;;;;;
09/29/21;4.359,;;;;;;;;
09/28/21;4.353,;;;;;;;;
09/27/21;4.443,;;;;;;;;
09/24/21;4.455,;;;;;;;;
09/23/21;4.449,;;;;;;;;
09/22/21;4.396,;;;;;;;;
09/21/21;4.354,;;;;;;;;
09/20/21;4.358,;;;;;;;;
09/17/21;4.433,;;;;;;;;
09/16/21;4.474,;;;;;;;;
09/15/21;4.481,;;;;;;;;
09/14/21;4.443,;;;;;;;;
09/13/21;4.469,;;;;;;;;
09/10/21;4.459,;;;;;;;;
09/09/21;4.493,;;;;;;;;
09/08/21;4.514,;;;;;;;;
09/07/21;4.520,;;;;;;;;
09/03/21;4.535,;;;;;;;;
09/02/21;4.537,;;;;;;;;
09/01/21;4.524,;;;;;;;;
08/31/21;4.523,;;;;;;;;
08/30/21;4.529,;;;;;;;;
08/27/21;4.509,;;;;;;;;
08/26/21;4.470,;;;;;;;;
08/25/21;4.496,;;;;;;;;
08/24/21;4.486,;;;;;;;;
08/23/21;4.480,;;;;;;;;
08/20/21;4.442,;;;;;;;;
08/19/21;4.406,;;;;;;;;
08/18/21;4.400,;;;;;;;;
08/17/21;4.448,;;;;;;;;
08/16/21;4.480,;;;;;;;;
08/13/21;4.468,;;;;;;;;
08/12/21;4.461,;;;;;;;;
08/11/21;4.448,;;;;;;;;
08/10/21;4.437,;;;;;;;;
08/09/21;4.432,;;;;;;;;
08/06/21;4.437,;;;;;;;;
08/05/21;4.429,;;;;;;;;
08/04/21;4.403,;;;;;;;;
08/03/21;4.423,;;;;;;;;
08/02/21;4.387,;;;;;;;;
07/30/21;4.395,;;;;;;;;
07/29/21;4.419,;;;;;;;;
07/28/21;4.401,;;;;;;;;
07/27/21;4.401,;;;;;;;;
07/26/21;4.422,;;;;;;;;
07/23/21;4.412,;;;;;;;;
07/22/21;4.367,;;;;;;;;
07/21/21;4.359,;;;;;;;;
07/20/21;4.323,;;;;;;;;
07/19/21;4.258,;;;;;;;;
07/16/21;4.327,;;;;;;;;
07/15/21;4.360,;;;;;;;;
07/14/21;4.374,;;;;;;;;
07/13/21;4.369,;;;;;;;;
07/12/21;4.385,;;;;;;;;
07/09/21;4.370,;;;;;;;;
07/08/21;4.321,;;;;;;;;
07/07/21;4.358,;;;;;;;;
07/06/21;4.344,;;;;;;;;
07/02/21;4.352,;;;;;;;;
07/01/21;4.320,;;;;;;;;
06/30/21;4.297,;;;;;;;;
06/29/21;4.292,;;;;;;;;
06/28/21;4.291,;;;;;;;;
06/25/21;4.281,;;;;;;;;
06/24/21;4.266,;;;;;;;;
06/23/21;4.242,;;;;;;;;
06/22/21;4.246,;;;;;;;;
06/21/21;4.225,;;;;;;;;
06/18/21;4.166,;;;;;;;;
06/17/21;4.222,;;;;;;;;
06/16/21;4.224,;;;;;;;;
06/15/21;4.247,;;;;;;;;
06/14/21;4.255,;;;;;;;;
06/11/21;4.247,;;;;;;;;
06/10/21;4.239,;;;;;;;;
06/09/21;4.220,;;;;;;;;
06/08/21;4.227,;;;;;;;;
06/07/21;4.227,;;;;;;;;
06/04/21;4.230,;;;;;;;;
06/03/21;4.193,;;;;;;;;
06/02/21;4.208,;;;;;;;;
06/01/21;4.202,;;;;;;;;
05/28/21;4.204,;;;;;;;;
05/27/21;4.201,;;;;;;;;
05/26/21;4.196,;;;;;;;;
05/25/21;4.188,;;;;;;;;
05/24/21;4.197,;;;;;;;;
05/21/21;4.156,;;;;;;;;
05/20/21;4.159,;;;;;;;;
05/19/21;4.116,;;;;;;;;
05/18/21;4.128,;;;;;;;;
05/17/21;4.163,;;;;;;;;
05/14/21;4.174,;;;;;;;;
05/13/21;4.112,;;;;;;;;
05/12/21;4.063,;;;;;;;;
05/11/21;4.152,;;;;;;;;
05/10/21;4.188,;;;;;;;;
05/07/21;4.233,;;;;;;;;
05/06/21;4.202,;;;;;;;;
05/05/21;4.168,;;;;;;;;
05/04/21;4.165,;;;;;;;;
05/03/21;4.193,;;;;;;;;
04/30/21;4.181,;;;;;;;;
04/29/21;4.211,;;;;;;;;
04/28/21;4.183,;;;;;;;;
04/27/21;4.187,;;;;;;;;
04/26/21;4.188,;;;;;;;;
04/23/21;4.180,;;;;;;;;
04/22/21;4.135,;;;;;;;;
04/21/21;4.173,;;;;;;;;
04/20/21;4.135,;;;;;;;;
04/19/21;4.163,;;;;;;;;
04/16/21;4.185,;;;;;;;;
04/15/21;4.170,;;;;;;;;
04/14/21;4.125,;;;;;;;;
04/13/21;4.142,;;;;;;;;
04/12/21;4.128,;;;;;;;;
04/09/21;4.129,;;;;;;;;
04/08/21;4.097,;;;;;;;;
04/07/21;4.080,;;;;;;;;
04/06/21;4.074,;;;;;;;;
04/05/21;4.078,;;;;;;;;
04/01/21;4.020,;;;;;;;;
03/31/21;3.973,;;;;;;;;
03/30/21;3.959,;;;;;;;;
03/29/21;3.971,;;;;;;;;
03/26/21;3.975,;;;;;;;;
03/25/21;3.910,;;;;;;;;
03/24/21;3.889,;;;;;;;;
03/23/21;3.911,;;;;;;;;
03/22/21;3.941,;;;;;;;;
03/19/21;3.913,;;;;;;;;
03/18/21;3.915,;;;;;;;;
03/17/21;3.974,;;;;;;;;
03/16/21;3.963,;;;;;;;;
03/15/21;3.969,;;;;;;;;
03/12/21;3.943,;;;;;;;;
03/11/21;3.939,;;;;;;;;
03/10/21;3.899,;;;;;;;;
03/09/21;3.875,;;;;;;;;
03/08/21;3.821,;;;;;;;;
03/05/21;3.842,;;;;;;;;
03/04/21;3.768,;;;;;;;;
03/03/21;3.820,;;;;;;;;
03/02/21;3.870,;;;;;;;;
03/01/21;3.902,;;;;;;;;
02/26/21;3.811,;;;;;;;;
02/25/21;3.829,;;;;;;;;
02/24/21;3.925,;;;;;;;;
02/23/21;3.881,;;;;;;;;
02/22/21;3.876,;;;;;;;;
02/19/21;3.907,;;;;;;;;
02/18/21;3.914,;;;;;;;;
02/17/21;3.931,;;;;;;;;
02/16/21;3.933,;;;;;;;;
02/12/21;3.935,;;;;;;;;
02/11/21;3.916,;;;;;;;;
02/10/21;3.910,;;;;;;;;
02/09/21;3.911,;;;;;;;;
02/08/21;3.916,;;;;;;;;
02/05/21;3.887,;;;;;;;;
02/04/21;3.872,;;;;;;;;
02/03/21;3.830,;;;;;;;;
02/02/21;3.826,;;;;;;;;
02/01/21;3.774,;;;;;;;;
01/29/21;3.714,;;;;;;;;
01/28/21;3.787,;;;;;;;;
01/27/21;3.751,;;;;;;;;
01/26/21;3.850,;;;;;;;;
01/25/21;3.855,;;;;;;;;
01/22/21;3.841,;;;;;;;;
01/21/21;3.853,;;;;;;;;
01/20/21;3.852,;;;;;;;;
01/19/21;3.799,;;;;;;;;
01/15/21;3.768,;;;;;;;;
01/14/21;3.796,;;;;;;;;
01/13/21;3.810,;;;;;;;;
01/12/21;3.801,;;;;;;;;
01/11/21;3.800,;;;;;;;;
01/08/21;3.825,;;;;;;;;
01/07/21;3.804,;;;;;;;;
01/06/21;3.748,;;;;;;;;
01/05/21;3.727,;;;;;;;;
01/04/21;3.701,;;;;;;;;
12/31/20;3.756,;;;;;;;;
12/30/20;3.732,;;;;;;;;
12/29/20;3.727,;;;;;;;;
12/28/20;3.735,;;;;;;;;
12/24/20;3.703,;;;;;;;;
12/23/20;3.690,;;;;;;;;
12/22/20;3.687,;;;;;;;;
12/21/20;3.695,;;;;;;;;
12/18/20;3.709,;;;;;;;;
12/17/20;3.722,;;;;;;;;
12/16/20;3.701,;;;;;;;;
12/15/20;3.695,;;;;;;;;
12/14/20;3.647,;;;;;;;;
12/11/20;3.663,;;;;;;;;
12/10/20;3.668,;;;;;;;;
12/09/20;3.673,;;;;;;;;
12/08/20;3.702,;;;;;;;;
12/07/20;3.692,;;;;;;;;
12/04/20;3.699,;;;;;;;;
12/03/20;3.667,;;;;;;;;
12/02/20;3.669,;;;;;;;;
12/01/20;3.662,;;;;;;;;
11/30/20;3.622,;;;;;;;;
11/27/20;3.638,;;;;;;;;
11/25/20;3.630,;;;;;;;;
11/24/20;3.635,;;;;;;;;
11/23/20;3.578,;;;;;;;;
11/20/20;3.558,;;;;;;;;
11/19/20;3.582,;;;;;;;;
11/18/20;3.568,;;;;;;;;
11/17/20;3.610,;;;;;;;;
11/16/20;3.627,;;;;;;;;
11/13/20;3.585,;;;;;;;;
11/12/20;3.537,;;;;;;;;
11/11/20;3.573,;;;;;;;;
11/10/20;3.546,;;;;;;;;
11/09/20;3.550,;;;;;;;;
11/06/20;3.509,;;;;;;;;
11/05/20;3.510,;;;;;;;;
11/04/20;3.443,;;;;;;;;
11/03/20;3.369,;;;;;;;;
11/02/20;3.310,;;;;;;;;
10/30/20;3.270,;;;;;;;;
10/29/20;3.310,;;;;;;;;
10/28/20;3.271,;;;;;;;;
10/27/20;3.391,;;;;;;;;
10/26/20;3.401,;;;;;;;;
10/23/20;3.465,;;;;;;;;
10/22/20;3.453,;;;;;;;;
10/21/20;3.436,;;;;;;;;
10/20/20;3.443,;;;;;;;;
10/19/20;3.427,;;;;;;;;
10/16/20;3.484,;;;;;;;;
10/15/20;3.483,;;;;;;;;
10/14/20;3.489,;;;;;;;;
10/13/20;3.512,;;;;;;;;
10/12/20;3.534,;;;;;;;;
10/09/20;3.477,;;;;;;;;
10/08/20;3.447,;;;;;;;;
10/07/20;3.419,;;;;;;;;
10/06/20;3.361,;;;;;;;;
10/05/20;3.409,;;;;;;;;
10/02/20;3.348,;;;;;;;;
10/01/20;3.381,;;;;;;;;
09/30/20;3.363,;;;;;;;;
09/29/20;3.335,;;;;;;;;
09/28/20;3.352,;;;;;;;;
09/25/20;3.298,;;;;;;;;
09/24/20;3.247,;;;;;;;;
09/23/20;3.237,;;;;;;;;
09/22/20;3.316,;;;;;;;;
09/21/20;3.281,;;;;;;;;
09/18/20;3.319,;;;;;;;;
09/17/20;3.357,;;;;;;;;
09/16/20;3.385,;;;;;;;;
09/15/20;3.401,;;;;;;;;
09/14/20;3.384,;;;;;;;;
09/11/20;3.341,;;;;;;;;
09/10/20;3.339,;;;;;;;;
09/09/20;3.399,;;;;;;;;
09/08/20;3.332,;;;;;;;;
09/04/20;3.427,;;;;;;;;
09/03/20;3.455,;;;;;;;;
09/02/20;3.581,;;;;;;;;
09/01/20;3.527,;;;;;;;;
08/31/20;3.500,;;;;;;;;
08/28/20;3.508,;;;;;;;;
08/27/20;3.485,;;;;;;;;
08/26/20;3.479,;;;;;;;;
08/25/20;3.444,;;;;;;;;
08/24/20;3.431,;;;;;;;;
08/21/20;3.397,;;;;;;;;
08/20/20;3.386,;;;;;;;;
08/19/20;3.375,;;;;;;;;
08/18/20;3.390,;;;;;;;;
08/17/20;3.382,;;;;;;;;
08/14/20;3.373,;;;;;;;;
08/13/20;3.373,;;;;;;;;
08/12/20;3.380,;;;;;;;;
08/11/20;3.334,;;;;;;;;
08/10/20;3.360,;;;;;;;;
08/07/20;3.351,;;;;;;;;
08/06/20;3.349,;;;;;;;;
08/05/20;3.328,;;;;;;;;
08/04/20;3.307,;;;;;;;;
08/03/20;3.295,;;;;;;;;
07/31/20;3.271,;;;;;;;;
07/30/20;3.246,;;;;;;;;
07/29/20;3.258,;;;;;;;;
07/28/20;3.218,;;;;;;;;
07/27/20;3.239,;;;;;;;;
07/24/20;3.216,;;;;;;;;
07/23/20;3.236,;;;;;;;;
07/22/20;3.276,;;;;;;;;
07/21/20;3.257,;;;;;;;;
07/20/20;3.252,;;;;;;;;
07/17/20;3.225,;;;;;;;;
07/16/20;3.216,;;;;;;;;
07/15/20;3.227,;;;;;;;;
07/14/20;3.198,;;;;;;;;
07/13/20;3.155,;;;;;;;;
07/10/20;3.185,;;;;;;;;
07/09/20;3.152,;;;;;;;;
07/08/20;3.170,;;;;;;;;
07/07/20;3.145,;;;;;;;;
07/06/20;3.180,;;;;;;;;
07/02/20;3.130,;;;;;;;;
07/01/20;3.116,;;;;;;;;
06/30/20;3.100,;;;;;;;;
06/29/20;3.053,;;;;;;;;
06/26/20;3.009,;;;;;;;;
06/25/20;3.084,;;;;;;;;
06/24/20;3.050,;;;;;;;;
06/23/20;3.131,;;;;;;;;
06/22/20;3.118,;;;;;;;;
06/19/20;3.098,;;;;;;;;
06/18/20;3.115,;;;;;;;;
06/17/20;3.113,;;;;;;;;
06/16/20;3.125,;;;;;;;;
06/15/20;3.067,;;;;;;;;
06/12/20;3.041,;;;;;;;;
06/11/20;3.002,;;;;;;;;
06/10/20;3.190,;;;;;;;;
06/09/20;3.207,;;;;;;;;
06/08/20;3.232,;;;;;;;;
06/05/20;3.194,;;;;;;;;
06/04/20;3.112,;;;;;;;;
06/03/20;3.123,;;;;;;;;
06/02/20;3.081,;;;;;;;;
06/01/20;3.056,;;;;;;;;
05/29/20;3.044,;;;;;;;;
05/28/20;3.030,;;;;;;;;
05/27/20;3.036,;;;;;;;;
05/26/20;2.992,;;;;;;;;
05/22/20;2.955,;;;;;;;;
05/21/20;2.949,;;;;;;;;
05/20/20;2.972,;;;;;;;;
05/19/20;2.923,;;;;;;;;
05/18/20;2.954,;;;;;;;;
05/15/20;2.864,;;;;;;;;
05/14/20;2.853,;;;;;;;;
05/13/20;2.820,;;;;;;;;
05/12/20;2.870,;;;;;;;;
05/11/20;2.930,;;;;;;;;
05/08/20;2.930,;;;;;;;;
05/07/20;2.881,;;;;;;;;
05/06/20;2.848,;;;;;;;;
05/05/20;2.868,;;;;;;;;
05/04/20;2.843,;;;;;;;;
05/01/20;2.831,;;;;;;;;
04/30/20;2.912,;;;;;;;;
04/29/20;2.940,;;;;;;;;
04/28/20;2.863,;;;;;;;;
04/27/20;2.878,;;;;;;;;
04/24/20;2.837,;;;;;;;;
04/23/20;2.798,;;;;;;;;
04/22/20;2.799,;;;;;;;;
04/21/20;2.737,;;;;;;;;
04/20/20;2.823,;;;;;;;;
04/17/20;2.875,;;;;;;;;
04/16/20;2.800,;;;;;;;;
04/15/20;2.783,;;;;;;;;
04/14/20;2.846,;;;;;;;;
04/13/20;2.762,;;;;;;;;
04/09/20;2.790,;;;;;;;;
04/08/20;2.750,;;;;;;;;
04/07/20;2.659,;;;;;;;;
04/06/20;2.664,;;;;;;;;
04/03/20;2.489,;;;;;;;;
04/02/20;2.527,;;;;;;;;
04/01/20;2.471,;;;;;;;;
03/31/20;2.585,;;;;;;;;
03/30/20;2.627,;;;;;;;;
03/27/20;2.541,;;;;;;;;
03/26/20;2.630,;;;;;;;;
03/25/20;2.476,;;;;;;;;
03/24/20;2.447,;;;;;;;;
03/23/20;2.237,;;;;;;;;
03/20/20;2.305,;;;;;;;;
03/19/20;2.409,;;;;;;;;
03/18/20;2.398,;;;;;;;;
03/17/20;2.529,;;;;;;;;
03/16/20;2.386,;;;;;;;;
03/13/20;2.711,;;;;;;;;
03/12/20;2.481,;;;;;;;;
03/11/20;2.741,;;;;;;;;
03/10/20;2.882,;;;;;;;;
03/09/20;2.747,;;;;;;;;
03/06/20;2.972,;;;;;;;;
03/05/20;3.024,;;;;;;;;
03/04/20;3.130,;;;;;;;;
03/03/20;3.003,;;;;;;;;
03/02/20;3.090,;;;;;;;;
02/28/20;2.954,;;;;;;;;
02/27/20;2.979,;;;;;;;;
02/26/20;3.116,;;;;;;;;
02/25/20;3.128,;;;;;;;;
02/24/20;3.226,;;;;;;;;
02/21/20;3.338,;;;;;;;;
02/20/20;3.373,;;;;;;;;
02/19/20;3.386,;;;;;;;;
02/18/20;3.370,;;;;;;;;
02/14/20;3.380,;;;;;;;;
02/13/20;3.374,;;;;;;;;
02/12/20;3.379,;;;;;;;;
02/11/20;3.358,;;;;;;;;
02/10/20;3.352,;;;;;;;;
02/07/20;3.328,;;;;;;;;
02/06/20;3.346,;;;;;;;;
02/05/20;3.335,;;;;;;;;
02/04/20;3.298,;;;;;;;;
02/03/20;3.249,;;;;;;;;
01/31/20;3.226,;;;;;;;;
01/30/20;3.284,;;;;;;;;
01/29/20;3.273,;;;;;;;;
01/28/20;3.276,;;;;;;;;
01/27/20;3.244,;;;;;;;;
01/24/20;3.295,;;;;;;;;
01/23/20;3.326,;;;;;;;;
01/22/20;3.322,;;;;;;;;
01/21/20;3.321,;;;;;;;;
01/17/20;3.330,;;;;;;;;
01/16/20;3.317,;;;;;;;;
01/15/20;3.289,;;;;;;;;
01/14/20;3.283,;;;;;;;;
01/13/20;3.288,;;;;;;;;
01/10/20;3.265,;;;;;;;;
01/09/20;3.275,;;;;;;;;
01/08/20;3.253,;;;;;;;;
01/07/20;3.237,;;;;;;;;
01/06/20;3.246,;;;;;;;;
01/03/20;3.235,;;;;;;;;
01/02/20;3.258,;;;;;;;;
12/31/19;3.231,;;;;;;;;
12/30/19;3.221,;;;;;;;;
12/27/19;3.240,;;;;;;;;
12/26/19;3.240,;;;;;;;;
12/24/19;3.223,;;;;;;;;
12/23/19;3.224,;;;;;;;;
12/20/19;3.221,;;;;;;;;
12/19/19;3.205,;;;;;;;;
12/18/19;3.191,;;;;;;;;
12/17/19;3.193,;;;;;;;;
12/16/19;3.191,;;;;;;;;
12/13/19;3.169,;;;;;;;;
12/12/19;3.169,;;;;;;;;
12/11/19;3.142,;;;;;;;;
12/10/19;3.133,;;;;;;;;
12/09/19;3.136,;;;;;;;;
12/06/19;3.146,;;;;;;;;
12/05/19;3.117,;;;;;;;;
12/04/19;3.113,;;;;;;;;
12/03/19;3.093,;;;;;;;;
12/02/19;3.114,;;;;;;;;
11/29/19;3.141,;;;;;;;;
11/27/19;3.154,;;;;;;;;
11/26/19;3.141,;;;;;;;;
11/25/19;3.134,;;;;;;;;
11/22/19;3.110,;;;;;;;;
11/21/19;3.104,;;;;;;;;
11/20/19;3.108,;;;;;;;;
11/19/19;3.120,;;;;;;;;
11/18/19;3.122,;;;;;;;;
11/15/19;3.120,;;;;;;;;
11/14/19;3.097,;;;;;;;;
11/13/19;3.094,;;;;;;;;
11/12/19;3.092,;;;;;;;;
11/11/19;3.087,;;;;;;;;
11/08/19;3.093,;;;;;;;;
11/07/19;3.085,;;;;;;;;
11/06/19;3.077,;;;;;;;;
11/05/19;3.075,;;;;;;;;
11/04/19;3.078,;;;;;;;;
11/01/19;3.067,;;;;;;;;
10/31/19;3.038,;;;;;;;;
10/30/19;3.047,;;;;;;;;
10/29/19;3.037,;;;;;;;;
10/28/19;3.039,;;;;;;;;
10/25/19;3.023,;;;;;;;;
10/24/19;3.010,;;;;;;;;
10/23/19;3.005,;;;;;;;;
10/22/19;2.996,;;;;;;;;
10/21/19;3.007,;;;;;;;;
10/18/19;2.986,;;;;;;;;
10/17/19;2.998,;;;;;;;;
10/16/19;2.990,;;;;;;;;
10/15/19;2.996,;;;;;;;;
10/14/19;2.966,;;;;;;;;
10/11/19;2.970,;;;;;;;;
10/10/19;2.938,;;;;;;;;
10/09/19;2.919,;;;;;;;;
10/08/19;2.893,;;;;;;;;
10/07/19;2.939,;;;;;;;;
10/04/19;2.952,;;;;;;;;
10/03/19;2.911,;;;;;;;;
10/02/19;2.888,;;;;;;;;
10/01/19;2.940,;;;;;;;;
09/30/19;2.977,;;;;;;;;
09/27/19;2.962,;;;;;;;;
09/26/19;2.978,;;;;;;;;
09/25/19;2.985,;;;;;;;;
09/24/19;2.967,;;;;;;;;
09/23/19;2.992,;;;;;;;;
09/20/19;2.992,;;;;;;;;
09/19/19;3.007,;;;;;;;;
09/18/19;3.007,;;;;;;;;
09/17/19;3.006,;;;;;;;;
09/16/19;2.998,;;;;;;;;
09/13/19;3.007,;;;;;;;;
09/12/19;3.010,;;;;;;;;
09/11/19;3.001,;;;;;;;;
09/10/19;2.979,;;;;;;;;
09/09/19;2.978,;;;;;;;;
09/06/19;2.979,;;;;;;;;
09/05/19;2.976,;;;;;;;;
09/04/19;2.938,;;;;;;;;
09/03/19;2.906,;;;;;;;;
08/30/19;2.926,;;;;;;;;
08/29/19;2.925,;;;;;;;;
08/28/19;2.888,;;;;;;;;
08/27/19;2.869,;;;;;;;;
08/26/19;2.878,;;;;;;;;
08/23/19;2.847,;;;;;;;;
08/22/19;2.923,;;;;;;;;
08/21/19;2.924,;;;;;;;;
08/20/19;2.901,;;;;;;;;
08/19/19;2.924,;;;;;;;;
08/16/19;2.889,;;;;;;;;
08/15/19;2.848,;;;;;;;;
08/14/19;2.841,;;;;;;;;
08/13/19;2.926,;;;;;;;;
08/12/19;2.884,;;;;;;;;
08/09/19;2.919,;;;;;;;;
08/08/19;2.938,;;;;;;;;
08/07/19;2.884,;;;;;;;;
08/06/19;2.882,;;;;;;;;
08/05/19;2.845,;;;;;;;;
08/02/19;2.932,;;;;;;;;
08/01/19;2.954,;;;;;;;;
07/31/19;2.980,;;;;;;;;
07/30/19;3.013,;;;;;;;;
07/29/19;3.021,;;;;;;;;
07/26/19;3.026,;;;;;;;;
07/25/19;3.004,;;;;;;;;
07/24/19;3.020,;;;;;;;;
07/23/19;3.005,;;;;;;;;
07/22/19;2.985,;;;;;;;;
07/19/19;2.977,;;;;;;;;
07/18/19;2.995,;;;;;;;;
07/17/19;2.984,;;;;;;;;
07/16/19;3.004,;;;;;;;;
07/15/19;3.014,;;;;;;;;
07/12/19;3.014,;;;;;;;;
07/11/19;3.000,;;;;;;;;
07/10/19;2.993,;;;;;;;;
07/09/19;2.980,;;;;;;;;
07/08/19;2.976,;;;;;;;;
07/05/19;2.990,;;;;;;;;
07/03/19;2.996,;;;;;;;;
07/02/19;2.973,;;;;;;;;
07/01/19;2.964,;;;;;;;;
06/28/19;2.942,;;;;;;;;
06/27/19;2.925,;;;;;;;;
06/26/19;2.914,;;;;;;;;
06/25/19;2.917,;;;;;;;;
06/24/19;2.945,;;;;;;;;
06/21/19;2.950,;;;;;;;;
06/20/19;2.954,;;;;;;;;
06/19/19;2.926,;;;;;;;;
06/18/19;2.918,;;;;;;;;
06/17/19;2.890,;;;;;;;;
06/14/19;2.887,;;;;;;;;
06/13/19;2.892,;;;;;;;;
06/12/19;2.880,;;;;;;;;
06/11/19;2.886,;;;;;;;;
06/10/19;2.887,;;;;;;;;
06/07/19;2.873,;;;;;;;;
06/06/19;2.843,;;;;;;;;
06/05/19;2.826,;;;;;;;;
06/04/19;2.803,;;;;;;;;
06/03/19;2.744,;;;;;;;;
05/31/19;2.752,;;;;;;;;
05/30/19;2.789,;;;;;;;;
05/29/19;2.783,;;;;;;;;
05/28/19;2.802,;;;;;;;;
05/24/19;2.826,;;;;;;;;
05/23/19;2.822,;;;;;;;;
05/22/19;2.856,;;;;;;;;
05/21/19;2.864,;;;;;;;;
05/20/19;2.840,;;;;;;;;
05/17/19;2.860,;;;;;;;;
05/16/19;2.876,;;;;;;;;
05/15/19;2.851,;;;;;;;;
05/14/19;2.834,;;;;;;;;
05/13/19;2.812,;;;;;;;;
05/10/19;2.881,;;;;;;;;
05/09/19;2.871,;;;;;;;;
05/08/19;2.879,;;;;;;;;
05/07/19;2.884,;;;;;;;;
05/06/19;2.932,;;;;;;;;
05/03/19;2.946,;;;;;;;;
05/02/19;2.918,;;;;;;;;
05/01/19;2.924,;;;;;;;;
04/30/19;2.946,;;;;;;;;
04/29/19;2.943,;;;;;;;;
04/26/19;2.940,;;;;;;;;
04/25/19;2.926,;;;;;;;;
04/24/19;2.927,;;;;;;;;
04/23/19;2.934,;;;;;;;;
04/22/19;2.908,;;;;;;;;
04/18/19;2.905,;;;;;;;;
04/17/19;2.900,;;;;;;;;
04/16/19;2.907,;;;;;;;;
04/15/19;2.906,;;;;;;;;
04/12/19;2.907,;;;;;;;;
04/11/19;2.888,;;;;;;;;
04/10/19;2.888,;;;;;;;;
04/09/19;2.878,;;;;;;;;
04/08/19;2.896,;;;;;;;;
04/05/19;2.893,;;;;;;;;
04/04/19;2.879,;;;;;;;;
04/03/19;2.873,;;;;;;;;
04/02/19;2.867,;;;;;;;;
04/01/19;2.867,;;;;;;;;
03/29/19;2.834,;;;;;;;;
03/28/19;2.815,;;;;;;;;
03/27/19;2.805,;;;;;;;;
03/26/19;2.818,;;;;;;;;
03/25/19;2.798,;;;;;;;;
03/22/19;2.801,;;;;;;;;
03/21/19;2.855,;;;;;;;;
03/20/19;2.824,;;;;;;;;
03/19/19;2.833,;;;;;;;;
03/18/19;2.833,;;;;;;;;
03/15/19;2.822,;;;;;;;;
03/14/19;2.808,;;;;;;;;
03/13/19;2.811,;;;;;;;;
03/12/19;2.792,;;;;;;;;
03/11/19;2.783,;;;;;;;;
03/08/19;2.743,;;;;;;;;
03/07/19;2.749,;;;;;;;;
03/06/19;2.771,;;;;;;;;
03/05/19;2.790,;;;;;;;;
03/04/19;2.793,;;;;;;;;
03/01/19;2.804,;;;;;;;;
02/28/19;2.784,;;;;;;;;
02/27/19;2.792,;;;;;;;;
02/26/19;2.794,;;;;;;;;
02/25/19;2.796,;;;;;;;;
02/22/19;2.793,;;;;;;;;
02/21/19;2.775,;;;;;;;;
02/20/19;2.785,;;;;;;;;
02/19/19;2.780,;;;;;;;;
02/15/19;2.776,;;;;;;;;
02/14/19;2.746,;;;;;;;;
02/13/19;2.753,;;;;;;;;
02/12/19;2.745,;;;;;;;;
02/11/19;2.710,;;;;;;;;
02/08/19;2.708,;;;;;;;;
02/07/19;2.706,;;;;;;;;
02/06/19;2.732,;;;;;;;;
02/05/19;2.738,;;;;;;;;
02/04/19;2.725,;;;;;;;;
02/01/19;2.707,;;;;;;;;
01/31/19;2.704,;;;;;;;;
01/30/19;2.681,;;;;;;;;
01/29/19;2.640,;;;;;;;;
01/28/19;2.644,;;;;;;;;
01/25/19;2.665,;;;;;;;;
01/24/19;2.642,;;;;;;;;
01/23/19;2.639,;;;;;;;;
01/22/19;2.633,;;;;;;;;
01/18/19;2.671,;;;;;;;;
01/17/19;2.636,;;;;;;;;
01/16/19;2.616,;;;;;;;;
01/15/19;2.610,;;;;;;;;
01/14/19;2.583,;;;;;;;;
01/11/19;2.596,;;;;;;;;
01/10/19;2.597,;;;;;;;;
01/09/19;2.585,;;;;;;;;
01/08/19;2.574,;;;;;;;;
01/07/19;2.550,;;;;;;;;
01/04/19;2.532,;;;;;;;;
01/03/19;2.448,;;;;;;;;
01/02/19;2.510,;;;;;;;;
12/31/18;2.507,;;;;;;;;
12/28/18;2.486,;;;;;;;;
12/27/18;2.489,;;;;;;;;
12/26/18;2.468,;;;;;;;;
12/24/18;2.351,;;;;;;;;
12/21/18;2.417,;;;;;;;;
12/20/18;2.467,;;;;;;;;
12/19/18;2.507,;;;;;;;;
12/18/18;2.546,;;;;;;;;
12/17/18;2.546,;;;;;;;;
12/14/18;2.600,;;;;;;;;
12/13/18;2.651,;;;;;;;;
12/12/18;2.651,;;;;;;;;
12/11/18;2.637,;;;;;;;;
12/10/18;2.638,;;;;;;;;
12/07/18;2.633,;;;;;;;;
12/06/18;2.696,;;;;;;;;
12/04/18;2.700,;;;;;;;;
12/03/18;2.790,;;;;;;;;
11/30/18;2.760,;;;;;;;;
11/29/18;2.738,;;;;;;;;
11/28/18;2.744,;;;;;;;;
11/27/18;2.682,;;;;;;;;
11/26/18;2.673,;;;;;;;;
11/23/18;2.633,;;;;;;;;
11/21/18;2.650,;;;;;;;;
11/20/18;2.642,;;;;;;;;
11/19/18;2.691,;;;;;;;;
11/16/18;2.736,;;;;;;;;
11/15/18;2.730,;;;;;;;;
11/14/18;2.702,;;;;;;;;
11/13/18;2.722,;;;;;;;;
11/12/18;2.726,;;;;;;;;
11/09/18;2.781,;;;;;;;;
11/08/18;2.807,;;;;;;;;
11/07/18;2.814,;;;;;;;;
11/06/18;2.755,;;;;;;;;
11/05/18;2.738,;;;;;;;;
11/02/18;2.723,;;;;;;;;
11/01/18;2.740,;;;;;;;;
10/31/18;2.712,;;;;;;;;
10/30/18;2.683,;;;;;;;;
10/29/18;2.641,;;;;;;;;
10/26/18;2.659,;;;;;;;;
10/25/18;2.706,;;;;;;;;
10/24/18;2.656,;;;;;;;;
10/23/18;2.741,;;;;;;;;
10/22/18;2.756,;;;;;;;;
10/19/18;2.768,;;;;;;;;
10/18/18;2.769,;;;;;;;;
10/17/18;2.809,;;;;;;;;
10/16/18;2.810,;;;;;;;;
10/15/18;2.751,;;;;;;;;
10/12/18;2.767,;;;;;;;;
10/11/18;2.728,;;;;;;;;
10/10/18;2.786,;;;;;;;;
10/09/18;2.880,;;;;;;;;
10/08/18;2.884,;;;;;;;;
10/05/18;2.886,;;;;;;;;
10/04/18;2.902,;;;;;;;;
10/03/18;2.926,;;;;;;;;
10/02/18;2.923,;;;;;;;;
10/01/18;2.925,;;;;;;;;
09/28/18;2.914,;;;;;;;;
09/27/18;2.914,;;;;;;;;
09/26/18;2.906,;;;;;;;;
09/25/18;2.916,;;;;;;;;
09/24/18;2.919,;;;;;;;;
09/21/18;2.930,;;;;;;;;
09/20/18;2.931,;;;;;;;;
09/19/18;2.908,;;;;;;;;
09/18/18;2.904,;;;;;;;;
09/17/18;2.889,;;;;;;;;
09/14/18;2.905,;;;;;;;;
09/13/18;2.904,;;;;;;;;
09/12/18;2.889,;;;;;;;;
09/11/18;2.888,;;;;;;;;
09/10/18;2.877,;;;;;;;;
09/07/18;2.872,;;;;;;;;
09/06/18;2.878,;;;;;;;;
09/05/18;2.889,;;;;;;;;
09/04/18;2.897,;;;;;;;;
08/31/18;2.902,;;;;;;;;
08/30/18;2.901,;;;;;;;;
08/29/18;2.914,;;;;;;;;
08/28/18;2.898,;;;;;;;;
08/27/18;2.897,;;;;;;;;
08/24/18;2.875,;;;;;;;;
08/23/18;2.857,;;;;;;;;
08/22/18;2.862,;;;;;;;;
08/21/18;2.863,;;;;;;;;
08/20/18;2.857,;;;;;;;;
08/17/18;2.850,;;;;;;;;
08/16/18;2.841,;;;;;;;;
08/15/18;2.818,;;;;;;;;
08/14/18;2.840,;;;;;;;;
08/13/18;2.822,;;;;;;;;
08/10/18;2.833,;;;;;;;;
08/09/18;2.854,;;;;;;;;
08/08/18;2.858,;;;;;;;;
08/07/18;2.858,;;;;;;;;
08/06/18;2.850,;;;;;;;;
08/03/18;2.840,;;;;;;;;
08/02/18;2.827,;;;;;;;;
08/01/18;2.813,;;;;;;;;
07/31/18;2.816,;;;;;;;;
07/30/18;2.803,;;;;;;;;
07/27/18;2.819,;;;;;;;;
07/26/18;2.837,;;;;;;;;
07/25/18;2.846,;;;;;;;;
07/24/18;2.820,;;;;;;;;
07/23/18;2.807,;;;;;;;;
07/20/18;2.802,;;;;;;;;
07/19/18;2.804,;;;;;;;;
07/18/18;2.816,;;;;;;;;
07/17/18;2.810,;;;;;;;;
07/16/18;2.798,;;;;;;;;
07/13/18;2.801,;;;;;;;;
07/12/18;2.798,;;;;;;;;
07/11/18;2.774,;;;;;;;;
07/10/18;2.794,;;;;;;;;
07/09/18;2.784,;;;;;;;;
07/06/18;2.760,;;;;;;;;
07/05/18;2.737,;;;;;;;;
07/03/18;2.713,;;;;;;;;
07/02/18;2.727,;;;;;;;;
06/29/18;2.718,;;;;;;;;
06/28/18;2.716,;;;;;;;;
06/27/18;2.700,;;;;;;;;
06/26/18;2.723,;;;;;;;;
06/25/18;2.717,;;;;;;;;
06/22/18;2.755,;;;;;;;;
06/21/18;2.750,;;;;;;;;
06/20/18;2.767,;;;;;;;;
06/19/18;2.763,;;;;;;;;
06/18/18;2.774,;;;;;;;;
06/15/18;2.780,;;;;;;;;
06/14/18;2.782,;;;;;;;;
06/13/18;2.776,;;;;;;;;
06/12/18;2.787,;;;;;;;;
06/11/18;2.782,;;;;;;;;
06/08/18;2.779,;;;;;;;;
06/07/18;2.770,;;;;;;;;
06/06/18;2.772,;;;;;;;;
06/05/18;2.749,;;;;;;;;
06/04/18;2.747,;;;;;;;;
06/01/18;2.735,;;;;;;;;
05/31/18;2.705,;;;;;;;;
05/30/18;2.724,;;;;;;;;
05/29/18;2.690,;;;;;;;;
05/25/18;2.721,;;;;;;;;
05/24/18;2.728,;;;;;;;;
05/23/18;2.733,;;;;;;;;
05/22/18;2.724,;;;;;;;;
05/21/18;2.733,;;;;;;;;
05/18/18;2.713,;;;;;;;;
05/17/18;2.720,;;;;;;;;
05/16/18;2.722,;;;;;;;;
05/15/18;2.711,;;;;;;;;
05/14/18;2.730,;;;;;;;;
05/11/18;2.728,;;;;;;;;
05/10/18;2.723,;;;;;;;;
05/09/18;2.698,;;;;;;;;
05/08/18;2.672,;;;;;;;;
05/07/18;2.673,;;;;;;;;
05/04/18;2.663,;;;;;;;;
05/03/18;2.630,;;;;;;;;
05/02/18;2.636,;;;;;;;;
05/01/18;2.655,;;;;;;;;
04/30/18;2.648,;;;;;;;;
04/27/18;2.670,;;;;;;;;
04/26/18;2.667,;;;;;;;;
04/25/18;2.639,;;;;;;;;
04/24/18;2.635,;;;;;;;;
04/23/18;2.670,;;;;;;;;
04/20/18;2.670,;;;;;;;;
04/19/18;2.693,;;;;;;;;
04/18/18;2.709,;;;;;;;;
04/17/18;2.706,;;;;;;;;
04/16/18;2.678,;;;;;;;;
04/13/18;2.656,;;;;;;;;
04/12/18;2.664,;;;;;;;;
04/11/18;2.642,;;;;;;;;
04/10/18;2.657,;;;;;;;;
04/09/18;2.613,;;;;;;;;
04/06/18;2.604,;;;;;;;;
04/05/18;2.663,;;;;;;;;
04/04/18;2.645,;;;;;;;;
04/03/18;2.614,;;;;;;;;
04/02/18;2.582,;;;;;;;;
03/29/18;2.641,;;;;;;;;
03/28/18;2.605,;;;;;;;;
03/27/18;2.613,;;;;;;;;
03/26/18;2.659,;;;;;;;;
03/23/18;2.588,;;;;;;;;
03/22/18;2.644,;;;;;;;;
03/21/18;2.712,;;;;;;;;
03/20/18;2.717,;;;;;;;;
03/19/18;2.713,;;;;;;;;
03/16/18;2.752,;;;;;;;;
03/15/18;2.747,;;;;;;;;
03/14/18;2.749,;;;;;;;;
03/13/18;2.765,;;;;;;;;
03/12/18;2.783,;;;;;;;;
03/09/18;2.787,;;;;;;;;
03/08/18;2.739,;;;;;;;;
03/07/18;2.727,;;;;;;;;
03/06/18;2.728,;;;;;;;;
03/05/18;2.721,;;;;;;;;
03/02/18;2.691,;;;;;;;;
03/01/18;2.678,;;;;;;;;
02/28/18;2.714,;;;;;;;;
02/27/18;2.744,;;;;;;;;
02/26/18;2.780,;;;;;;;;
02/23/18;2.747,;;;;;;;;
02/22/18;2.704,;;;;;;;;
02/21/18;2.701,;;;;;;;;
02/20/18;2.716,;;;;;;;;
02/16/18;2.732,;;;;;;;;
02/15/18;2.731,;;;;;;;;
02/14/18;2.699,;;;;;;;;
02/13/18;2.663,;;;;;;;;
02/12/18;2.656,;;;;;;;;
02/09/18;2.620,;;;;;;;;
02/08/18;2.581,;;;;;;;;
02/07/18;2.682,;;;;;;;;
02/06/18;2.695,;;;;;;;;
02/05/18;2.649,;;;;;;;;
02/02/18;2.762,;;;;;;;;
02/01/18;2.822,;;;;;;;;
01/31/18;2.824,;;;;;;;;
01/30/18;2.822,;;;;;;;;
01/29/18;2.854,;;;;;;;;
01/26/18;2.873,;;;;;;;;
01/25/18;2.839,;;;;;;;;
01/24/18;2.838,;;;;;;;;
01/23/18;2.839,;;;;;;;;
01/22/18;2.833,;;;;;;;;
01/19/18;2.810,;;;;;;;;
01/18/18;2.798,;;;;;;;;
01/17/18;2.803,;;;;;;;;
01/16/18;2.776,;;;;;;;;
01/12/18;2.786,;;;;;;;;
01/11/18;2.768,;;;;;;;;
01/10/18;2.748,;;;;;;;;
01/09/18;2.751,;;;;;;;;
01/08/18;2.748,;;;;;;;;
01/05/18;2.743,;;;;;;;;
01/04/18;2.724,;;;;;;;;
01/03/18;2.713,;;;;;;;;
01/02/18;2.696,;;;;;;;;
12/29/17;2.674,;;;;;;;;
12/28/17;2.688,;;;;;;;;
12/27/17;2.683,;;;;;;;;
12/26/17;2.681,;;;;;;;;
12/22/17;2.683,;;;;;;;;
12/21/17;2.685,;;;;;;;;
12/20/17;2.679,;;;;;;;;
12/19/17;2.681,;;;;;;;;
12/18/17;2.690,;;;;;;;;
12/15/17;2.676,;;;;;;;;
12/14/17;2.652,;;;;;;;;
12/13/17;2.663,;;;;;;;;
12/12/17;2.664,;;;;;;;;
12/11/17;2.660,;;;;;;;;
12/08/17;2.652,;;;;;;;;
12/07/17;2.637,;;;;;;;;
12/06/17;2.629,;;;;;;;;
12/05/17;2.630,;;;;;;;;
12/04/17;2.639,;;;;;;;;
12/01/17;2.642,;;;;;;;;
11/30/17;2.648,;;;;;;;;
11/29/17;2.626,;;;;;;;;
11/28/17;2.627,;;;;;;;;
11/27/17;2.601,;;;;;;;;
11/24/17;2.602,;;;;;;;;
11/22/17;2.597,;;;;;;;;
11/21/17;2.599,;;;;;;;;
11/20/17;2.582,;;;;;;;;
11/17/17;2.579,;;;;;;;;
11/16/17;2.586,;;;;;;;;
11/15/17;2.565,;;;;;;;;
11/14/17;2.579,;;;;;;;;
11/13/17;2.585,;;;;;;;;
11/10/17;2.582,;;;;;;;;
11/09/17;2.585,;;;;;;;;
11/08/17;2.594,;;;;;;;;
11/07/17;2.591,;;;;;;;;
11/06/17;2.591,;;;;;;;;
11/03/17;2.588,;;;;;;;;
11/02/17;2.580,;;;;;;;;
11/01/17;2.579,;;;;;;;;
10/31/17;2.575,;;;;;;;;
10/30/17;2.573,;;;;;;;;
10/27/17;2.581,;;;;;;;;
10/26/17;2.560,;;;;;;;;
10/25/17;2.557,;;;;;;;;
10/24/17;2.569,;;;;;;;;
10/23/17;2.565,;;;;;;;;
10/20/17;2.575,;;;;;;;;
10/19/17;2.562,;;;;;;;;
10/18/17;2.561,;;;;;;;;
10/17/17;2.559,;;;;;;;;
10/16/17;2.558,;;;;;;;;
10/13/17;2.553,;;;;;;;;
10/12/17;2.551,;;;;;;;;
10/11/17;2.555,;;;;;;;;
10/10/17;2.551,;;;;;;;;
10/09/17;2.545,;;;;;;;;
10/06/17;2.549,;;;;;;;;
10/05/17;2.552,;;;;;;;;
10/04/17;2.538,;;;;;;;;
10/03/17;2.535,;;;;;;;;
10/02/17;2.529,;;;;;;;;
09/29/17;2.519,;;;;;;;;
09/28/17;2.510,;;;;;;;;
09/27/17;2.507,;;;;;;;;
09/26/17;2.497,;;;;;;;;
09/25/17;2.497,;;;;;;;;
09/22/17;2.502,;;;;;;;;
09/21/17;2.501,;;;;;;;;
09/20/17;2.508,;;;;;;;;
09/19/17;2.507,;;;;;;;;
09/18/17;2.504,;;;;;;;;
09/15/17;2.500,;;;;;;;;
09/14/17;2.496,;;;;;;;;
09/13/17;2.498,;;;;;;;;
09/12/17;2.496,;;;;;;;;
09/11/17;2.488,;;;;;;;;
09/08/17;2.461,;;;;;;;;
09/07/17;2.465,;;;;;;;;
09/06/17;2.466,;;;;;;;;
09/05/17;2.458,;;;;;;;;
09/01/17;2.477,;;;;;;;;
08/31/17;2.472,;;;;;;;;
08/30/17;2.458,;;;;;;;;
08/29/17;2.446,;;;;;;;;
08/28/17;2.444,;;;;;;;;
08/25/17;2.443,;;;;;;;;
08/24/17;2.439,;;;;;;;;
08/23/17;2.444,;;;;;;;;
08/22/17;2.453,;;;;;;;;
08/21/17;2.428,;;;;;;;;
08/18/17;2.426,;;;;;;;;
08/17/17;2.430,;;;;;;;;
08/16/17;2.468,;;;;;;;;
08/15/17;2.465,;;;;;;;;
08/14/17;2.466,;;;;;;;;
08/11/17;2.441,;;;;;;;;
08/10/17;2.438,;;;;;;;;
08/09/17;2.474,;;;;;;;;
08/08/17;2.475,;;;;;;;;
08/07/17;2.481,;;;;;;;;
08/04/17;2.477,;;;;;;;;
08/03/17;2.472,;;;;;;;;
08/02/17;2.478,;;;;;;;;
08/01/17;2.476,;;;;;;;;
07/31/17;2.470,;;;;;;;;
07/28/17;2.472,;;;;;;;;
07/27/17;2.475,;;;;;;;;
07/26/17;2.478,;;;;;;;;
07/25/17;2.477,;;;;;;;;
07/24/17;2.470,;;;;;;;;
07/21/17;2.473,;;;;;;;;
07/20/17;2.473,;;;;;;;;
07/19/17;2.474,;;;;;;;;
07/18/17;2.461,;;;;;;;;
07/17/17;2.459,;;;;;;;;
07/14/17;2.459,;;;;;;;;
07/13/17;2.448,;;;;;;;;
07/12/17;2.443,;;;;;;;;
07/11/17;2.426,;;;;;;;;
07/10/17;2.427,;;;;;;;;
07/07/17;2.425,;;;;;;;;
07/06/17;2.410,;;;;;;;;
07/05/17;2.433,;;;;;;;;
07/03/17;2.429,;;;;;;;;
06/30/17;2.423,;;;;;;;;
06/29/17;2.420,;;;;;;;;
06/28/17;2.441,;;;;;;;;
06/27/17;2.419,;;;;;;;;
06/26/17;2.439,;;;;;;;;
06/23/17;2.438,;;;;;;;;
06/22/17;2.434,;;;;;;;;
06/21/17;2.436,;;;;;;;;
06/20/17;2.437,;;;;;;;;
06/19/17;2.453,;;;;;;;;
06/16/17;2.433,;;;;;;;;
06/15/17;2.432,;;;;;;;;
06/14/17;2.438,;;;;;;;;
06/13/17;2.440,;;;;;;;;
06/12/17;2.429,;;;;;;;;
06/09/17;2.432,;;;;;;;;
06/08/17;2.434,;;;;;;;;
06/07/17;2.433,;;;;;;;;
06/06/17;2.429,;;;;;;;;
06/05/17;2.436,;;;;;;;;
06/02/17;2.439,;;;;;;;;
06/01/17;2.430,;;;;;;;;
05/31/17;2.412,;;;;;;;;
05/30/17;2.413,;;;;;;;;
05/26/17;2.416,;;;;;;;;
05/25/17;2.415,;;;;;;;;
05/24/17;2.404,;;;;;;;;
05/23/17;2.398,;;;;;;;;
05/22/17;2.394,;;;;;;;;
05/19/17;2.382,;;;;;;;;
05/18/17;2.366,;;;;;;;;
05/17/17;2.357,;;;;;;;;
05/16/17;2.401,;;;;;;;;
05/15/17;2.402,;;;;;;;;
05/12/17;2.391,;;;;;;;;
05/11/17;2.394,;;;;;;;;
05/10/17;2.400,;;;;;;;;
05/09/17;2.397,;;;;;;;;
05/08/17;2.399,;;;;;;;;
05/05/17;2.399,;;;;;;;;
05/04/17;2.390,;;;;;;;;
05/03/17;2.388,;;;;;;;;
05/02/17;2.391,;;;;;;;;
05/01/17;2.388,;;;;;;;;
04/28/17;2.384,;;;;;;;;
04/27/17;2.389,;;;;;;;;
04/26/17;2.387,;;;;;;;;
04/25/17;2.389,;;;;;;;;
04/24/17;2.374,;;;;;;;;
04/21/17;2.349,;;;;;;;;
04/20/17;2.356,;;;;;;;;
04/19/17;2.338,;;;;;;;;
04/18/17;2.342,;;;;;;;;
04/17/17;2.349,;;;;;;;;
04/13/17;2.329,;;;;;;;;
04/12/17;2.345,;;;;;;;;
04/11/17;2.354,;;;;;;;;
04/10/17;2.357,;;;;;;;;
04/07/17;2.356,;;;;;;;;
04/06/17;2.357,;;;;;;;;
04/05/17;2.353,;;;;;;;;
04/04/17;2.360,;;;;;;;;
04/03/17;2.359,;;;;;;;;
03/31/17;2.363,;;;;;;;;
03/30/17;2.368,;;;;;;;;
03/29/17;2.361,;;;;;;;;
03/28/17;2.359,;;;;;;;;
03/27/17;2.342,;;;;;;;;
03/24/17;2.344,;;;;;;;;
03/23/17;2.346,;;;;;;;;
03/22/17;2.348,;;;;;;;;
03/21/17;2.344,;;;;;;;;
03/20/17;2.373,;;;;;;;;
03/17/17;2.378,;;;;;;;;
03/16/17;2.381,;;;;;;;;
03/15/17;2.385,;;;;;;;;
03/14/17;2.365,;;;;;;;;
03/13/17;2.373,;;;;;;;;
03/10/17;2.373,;;;;;;;;
03/09/17;2.365,;;;;;;;;
03/08/17;2.363,;;;;;;;;
03/07/17;2.368,;;;;;;;;
03/06/17;2.375,;;;;;;;;
03/03/17;2.383,;;;;;;;;
03/02/17;2.382,;;;;;;;;
03/01/17;2.396,;;;;;;;;
02/28/17;2.364,;;;;;;;;
02/27/17;2.370,;;;;;;;;
02/24/17;2.367,;;;;;;;;
02/23/17;2.364,;;;;;;;;
02/22/17;2.363,;;;;;;;;
02/21/17;2.365,;;;;;;;;
02/17/17;2.351,;;;;;;;;
02/16/17;2.347,;;;;;;;;
02/15/17;2.349,;;;;;;;;
02/14/17;2.338,;;;;;;;;
02/13/17;2.328,;;;;;;;;
02/10/17;2.316,;;;;;;;;
02/09/17;2.308,;;;;;;;;
02/08/17;2.295,;;;;;;;;
02/07/17;2.293,;;;;;;;;
02/06/17;2.293,;;;;;;;;
02/03/17;2.297,;;;;;;;;
02/02/17;2.281,;;;;;;;;
02/01/17;2.280,;;;;;;;;
01/31/17;2.279,;;;;;;;;
01/30/17;2.281,;;;;;;;;
01/27/17;2.295,;;;;;;;;
01/26/17;2.297,;;;;;;;;
01/25/17;2.298,;;;;;;;;
01/24/17;2.280,;;;;;;;;
01/23/17;2.265,;;;;;;;;
01/20/17;2.271,;;;;;;;;
01/19/17;2.264,;;;;;;;;
01/18/17;2.272,;;;;;;;;
01/17/17;2.268,;;;;;;;;
01/13/17;2.275,;;;;;;;;
01/12/17;2.270,;;;;;;;;
01/11/17;2.275,;;;;;;;;
01/10/17;2.269,;;;;;;;;
01/09/17;2.269,;;;;;;;;
01/06/17;2.277,;;;;;;;;
01/05/17;2.269,;;;;;;;;
01/04/17;2.271,;;;;;;;;
01/03/17;2.258,;;;;;;;;
12/30/16;2.239,;;;;;;;;
12/29/16;2.249,;;;;;;;;
12/28/16;2.250,;;;;;;;;
12/27/16;2.269,;;;;;;;;
12/23/16;2.264,;;;;;;;;
12/22/16;2.261,;;;;;;;;
12/21/16;2.265,;;;;;;;;
12/20/16;2.271,;;;;;;;;
12/19/16;2.263,;;;;;;;;
12/16/16;2.258,;;;;;;;;
12/15/16;2.262,;;;;;;;;
12/14/16;2.253,;;;;;;;;
12/13/16;2.272,;;;;;;;;
12/12/16;2.257,;;;;;;;;
12/09/16;2.260,;;;;;;;;
12/08/16;2.246,;;;;;;;;
12/07/16;2.241,;;;;;;;;
12/06/16;2.212,;;;;;;;;
12/05/16;2.205,;;;;;;;;
12/02/16;2.192,;;;;;;;;
12/01/16;2.191,;;;;;;;;
11/30/16;2.199,;;;;;;;;
11/29/16;2.205,;;;;;;;;
11/28/16;2.202,;;;;;;;;
11/25/16;2.213,;;;;;;;;
11/23/16;2.205,;;;;;;;;
11/22/16;2.203,;;;;;;;;
11/21/16;2.198,;;;;;;;;
11/18/16;2.182,;;;;;;;;
11/17/16;2.187,;;;;;;;;
11/16/16;2.177,;;;;;;;;
11/15/16;2.180,;;;;;;;;
11/14/16;2.164,;;;;;;;;
11/11/16;2.164,;;;;;;;;
11/10/16;2.167,;;;;;;;;
11/09/16;2.163,;;;;;;;;
11/08/16;2.140,;;;;;;;;
11/07/16;2.132,;;;;;;;;
11/04/16;2.085,;;;;;;;;
11/03/16;2.089,;;;;;;;;
11/02/16;2.098,;;;;;;;;
11/01/16;2.112,;;;;;;;;
10/31/16;2.126,;;;;;;;;
10/28/16;2.126,;;;;;;;;
10/27/16;2.133,;;;;;;;;
10/26/16;2.139,;;;;;;;;
10/25/16;2.143,;;;;;;;;
10/24/16;2.151,;;;;;;;;
10/21/16;2.141,;;;;;;;;
10/20/16;2.141,;;;;;;;;
10/19/16;2.144,;;;;;;;;
10/18/16;2.140,;;;;;;;;
10/17/16;2.127,;;;;;;;;
10/14/16;2.133,;;;;;;;;
10/13/16;2.133,;;;;;;;;
10/12/16;2.139,;;;;;;;;
10/11/16;2.137,;;;;;;;;
10/10/16;2.164,;;;;;;;;
10/07/16;2.154,;;;;;;;;
10/06/16;2.161,;;;;;;;;
10/05/16;2.160,;;;;;;;;
10/04/16;2.150,;;;;;;;;
10/03/16;2.161,;;;;;;;;
09/30/16;2.168,;;;;;;;;
09/29/16;2.151,;;;;;;;;
09/28/16;2.171,;;;;;;;;
09/27/16;2.160,;;;;;;;;
09/26/16;2.146,;;;;;;;;
09/23/16;2.165,;;;;;;;;
09/22/16;2.177,;;;;;;;;
09/21/16;2.163,;;;;;;;;
09/20/16;2.140,;;;;;;;;
09/19/16;2.139,;;;;;;;;
09/16/16;2.139,;;;;;;;;
09/15/16;2.147,;;;;;;;;
09/14/16;2.126,;;;;;;;;
09/13/16;2.127,;;;;;;;;
09/12/16;2.159,;;;;;;;;
09/09/16;2.128,;;;;;;;;
09/08/16;2.181,;;;;;;;;
09/07/16;2.186,;;;;;;;;
09/06/16;2.186,;;;;;;;;
09/02/16;2.180,;;;;;;;;
09/01/16;2.171,;;;;;;;;
08/31/16;2.171,;;;;;;;;
08/30/16;2.176,;;;;;;;;
08/29/16;2.180,;;;;;;;;
08/26/16;2.169,;;;;;;;;
08/25/16;2.172,;;;;;;;;
08/24/16;2.175,;;;;;;;;
08/23/16;2.187,;;;;;;;;
08/22/16;2.183,;;;;;;;;
08/19/16;2.184,;;;;;;;;
08/18/16;2.187,;;;;;;;;
08/17/16;2.182,;;;;;;;;
08/16/16;2.178,;;;;;;;;
08/15/16;2.190,;;;;;;;;
08/12/16;2.184,;;;;;;;;
08/11/16;2.186,;;;;;;;;
08/10/16;2.175,;;;;;;;;
08/09/16;2.182,;;;;;;;;
08/08/16;2.181,;;;;;;;;
08/05/16;2.183,;;;;;;;;
08/04/16;2.164,;;;;;;;;
08/03/16;2.164,;;;;;;;;
08/02/16;2.157,;;;;;;;;
08/01/16;2.171,;;;;;;;;
07/29/16;2.174,;;;;;;;;
07/28/16;2.170,;;;;;;;;
07/27/16;2.167,;;;;;;;;
07/26/16;2.169,;;;;;;;;
07/25/16;2.168,;;;;;;;;
07/22/16;2.175,;;;;;;;;
07/21/16;2.165,;;;;;;;;
07/20/16;2.173,;;;;;;;;
07/19/16;2.164,;;;;;;;;
07/18/16;2.167,;;;;;;;;
07/15/16;2.162,;;;;;;;;
07/14/16;2.164,;;;;;;;;
07/13/16;2.152,;;;;;;;;
07/12/16;2.152,;;;;;;;;
07/11/16;2.137,;;;;;;;;
07/08/16;2.130,;;;;;;;;
07/07/16;2.098,;;;;;;;;
07/06/16;2.100,;;;;;;;;
07/05/16;2.089,;;;;;;;;
07/01/16;2.103,;;;;;;;;
06/30/16;2.099,;;;;;;;;
06/29/16;2.071,;;;;;;;;
06/28/16;2.036,;;;;;;;;
06/27/16;2.001,;;;;;;;;
06/24/16;2.037,;;;;;;;;
06/23/16;2.113,;;;;;;;;
06/22/16;2.085,;;;;;;;;
06/21/16;2.089,;;;;;;;;
06/20/16;2.083,;;;;;;;;
06/17/16;2.071,;;;;;;;;
06/16/16;2.078,;;;;;;;;
06/15/16;2.072,;;;;;;;;
06/14/16;2.075,;;;;;;;;
06/13/16;2.079,;;;;;;;;
06/10/16;2.096,;;;;;;;;
06/09/16;2.115,;;;;;;;;
06/08/16;2.119,;;;;;;;;
06/07/16;2.112,;;;;;;;;
06/06/16;2.109,;;;;;;;;
06/03/16;2.099,;;;;;;;;
06/02/16;2.105,;;;;;;;;
06/01/16;2.099,;;;;;;;;
05/31/16;2.097,;;;;;;;;
05/27/16;2.099,;;;;;;;;
05/26/16;2.090,;;;;;;;;
05/25/16;2.091,;;;;;;;;
05/24/16;2.076,;;;;;;;;
05/23/16;2.048,;;;;;;;;
05/20/16;2.052,;;;;;;;;
05/19/16;2.040,;;;;;;;;
05/18/16;2.048,;;;;;;;;
05/17/16;2.047,;;;;;;;;
05/16/16;2.067,;;;;;;;;
05/13/16;2.047,;;;;;;;;
05/12/16;2.064,;;;;;;;;
05/11/16;2.064,;;;;;;;;
05/10/16;2.084,;;;;;;;;
05/09/16;2.059,;;;;;;;;
05/06/16;2.057,;;;;;;;;
05/05/16;2.051,;;;;;;;;
05/04/16;2.051,;;;;;;;;
05/03/16;2.063,;;;;;;;;
05/02/16;2.081,;;;;;;;;
04/29/16;2.065,;;;;;;;;
04/28/16;2.076,;;;;;;;;
04/27/16;2.095,;;;;;;;;
04/26/16;2.092,;;;;;;;;
04/25/16;2.088,;;;;;;;;
04/22/16;2.092,;;;;;;;;
04/21/16;2.091,;;;;;;;;
04/20/16;2.102,;;;;;;;;
04/19/16;2.101,;;;;;;;;
04/18/16;2.094,;;;;;;;;
04/15/16;2.081,;;;;;;;;
04/14/16;2.083,;;;;;;;;
04/13/16;2.082,;;;;;;;;
04/12/16;2.062,;;;;;;;;
04/11/16;2.042,;;;;;;;;
04/08/16;2.048,;;;;;;;;
04/07/16;2.042,;;;;;;;;
04/06/16;2.067,;;;;;;;;
04/05/16;2.045,;;;;;;;;
04/04/16;2.066,;;;;;;;;
04/01/16;2.073,;;;;;;;;
03/31/16;2.060,;;;;;;;;
03/30/16;2.064,;;;;;;;;
03/29/16;2.055,;;;;;;;;
03/28/16;2.037,;;;;;;;;
03/24/16;2.036,;;;;;;;;
03/23/16;2.037,;;;;;;;;
03/22/16;2.050,;;;;;;;;
03/21/16;2.052,;;;;;;;;
03/18/16;2.050,;;;;;;;;
03/17/16;2.041,;;;;;;;;
03/16/16;2.027,;;;;;;;;
03/15/16;2.016,;;;;;;;;
03/14/16;2.020,;;;;;;;;
03/11/16;2.022,;;;;;;;;
03/10/16;1.990,;;;;;;;;
03/09/16;1.989,;;;;;;;;
03/08/16;1.979,;;;;;;;;
03/07/16;2.002,;;;;;;;;
03/04/16;2.000,;;;;;;;;
03/03/16;1.993,;;;;;;;;
03/02/16;1.986,;;;;;;;;
03/01/16;1.978,;;;;;;;;
02/29/16;1.932,;;;;;;;;
02/26/16;1.948,;;;;;;;;
02/25/16;1.952,;;;;;;;;
02/24/16;1.930,;;;;;;;;
02/23/16;1.921,;;;;;;;;
02/22/16;1.946,;;;;;;;;
02/19/16;1.918,;;;;;;;;
02/18/16;1.918,;;;;;;;;
02/17/16;1.927,;;;;;;;;
02/16/16;1.896,;;;;;;;;
02/12/16;1.865,;;;;;;;;
02/11/16;1.829,;;;;;;;;
02/10/16;1.852,;;;;;;;;
02/09/16;1.852,;;;;;;;;
02/08/16;1.853,;;;;;;;;
02/05/16;1.880,;;;;;;;;
02/04/16;1.915,;;;;;;;;
02/03/16;1.913,;;;;;;;;
02/02/16;1.903,;;;;;;;;
02/01/16;1.939,;;;;;;;;
01/29/16;1.940,;;;;;;;;
01/28/16;1.893,;;;;;;;;
01/27/16;1.883,;;;;;;;;
01/26/16;1.904,;;;;;;;;
01/25/16;1.877,;;;;;;;;
01/22/16;1.907,;;;;;;;;
01/21/16;1.869,;;;;;;;;
01/20/16;1.859,;;;;;;;;
01/19/16;1.881,;;;;;;;;
01/15/16;1.880,;;;;;;;;
01/14/16;1.922,;;;;;;;;
01/13/16;1.890,;;;;;;;;
01/12/16;1.939,;;;;;;;;
01/11/16;1.924,;;;;;;;;
01/08/16;1.922,;;;;;;;;
01/07/16;1.943,;;;;;;;;
01/06/16;1.990,;;;;;;;;
01/05/16;2.017,;;;;;;;;
01/04/16;2.013,;;;;;;;;
12/31/15;2.044,;;;;;;;;
12/30/15;2.063,;;;;;;;;
12/29/15;2.078,;;;;;;;;
12/28/15;2.057,;;;;;;;;
12/24/15;2.061,;;;;;;;;
12/23/15;2.064,;;;;;;;;
12/22/15;2.039,;;;;;;;;
12/21/15;2.021,;;;;;;;;
12/18/15;2.006,;;;;;;;;
12/17/15;2.042,;;;;;;;;
12/16/15;2.073,;;;;;;;;
12/15/15;2.043,;;;;;;;;
12/14/15;2.022,;;;;;;;;
12/11/15;2.012,;;;;;;;;
12/10/15;2.052,;;;;;;;;
12/09/15;2.048,;;;;;;;;
12/08/15;2.064,;;;;;;;;
12/07/15;2.077,;;;;;;;;
12/04/15;2.092,;;;;;;;;
12/03/15;2.050,;;;;;;;;
12/02/15;2.080,;;;;;;;;
12/01/15;2.103,;;;;;;;;
11/30/15;2.080,;;;;;;;;
11/27/15;2.090,;;;;;;;;
11/25/15;2.089,;;;;;;;;
11/24/15;2.089,;;;;;;;;
11/23/15;2.087,;;;;;;;;
11/20/15;2.089,;;;;;;;;
11/19/15;2.081,;;;;;;;;
11/18/15;2.084,;;;;;;;;
11/17/15;2.050,;;;;;;;;
11/16/15;2.053,;;;;;;;;
11/13/15;2.023,;;;;;;;;
11/12/15;2.046,;;;;;;;;
11/11/15;2.075,;;;;;;;;
11/10/15;2.082,;;;;;;;;
11/09/15;2.079,;;;;;;;;
11/06/15;2.099,;;;;;;;;
11/05/15;2.100,;;;;;;;;
11/04/15;2.102,;;;;;;;;
11/03/15;2.110,;;;;;;;;
11/02/15;2.104,;;;;;;;;
10/30/15;2.079,;;;;;;;;
10/29/15;2.089,;;;;;;;;
10/28/15;2.090,;;;;;;;;
10/27/15;2.066,;;;;;;;;
10/26/15;2.071,;;;;;;;;
10/23/15;2.075,;;;;;;;;
10/22/15;2.053,;;;;;;;;
10/21/15;2.019,;;;;;;;;
10/20/15;2.031,;;;;;;;;
10/19/15;2.034,;;;;;;;;
10/16/15;2.033,;;;;;;;;
10/15/15;2.024,;;;;;;;;
10/14/15;1.994,;;;;;;;;
10/13/15;2.004,;;;;;;;;
10/12/15;2.017,;;;;;;;;
10/09/15;2.015,;;;;;;;;
10/08/15;2.013,;;;;;;;;
10/07/15;1.996,;;;;;;;;
10/06/15;1.980,;;;;;;;;
10/05/15;1.987,;;;;;;;;
10/02/15;1.951,;;;;;;;;
10/01/15;1.924,;;;;;;;;
09/30/15;1.920,;;;;;;;;
09/29/15;1.884,;;;;;;;;
09/28/15;1.882,;;;;;;;;
09/25/15;1.931,;;;;;;;;
09/24/15;1.932,;;;;;;;;
09/23/15;1.939,;;;;;;;;
09/22/15;1.943,;;;;;;;;
09/21/15;1.967,;;;;;;;;
09/18/15;1.958,;;;;;;;;
09/17/15;1.990,;;;;;;;;
09/16/15;1.995,;;;;;;;;
09/15/15;1.978,;;;;;;;;
09/14/15;1.953,;;;;;;;;
09/11/15;1.961,;;;;;;;;
09/10/15;1.952,;;;;;;;;
09/09/15;1.942,;;;;;;;;
09/08/15;1.969,;;;;;;;;
09/04/15;1.921,;;;;;;;;
09/03/15;1.951,;;;;;;;;
09/02/15;1.949,;;;;;;;;
09/01/15;1.914,;;;;;;;;
08/31/15;1.972,;;;;;;;;
08/28/15;1.989,;;;;;;;;
08/27/15;1.988,;;;;;;;;
08/26/15;1.941,;;;;;;;;
08/25/15;1.868,;;;;;;;;
08/24/15;1.893,;;;;;;;;
08/21/15;1.971,;;;;;;;;
08/20/15;2.036,;;;;;;;;
08/19/15;2.080,;;;;;;;;
08/18/15;2.097,;;;;;;;;
08/17/15;2.102,;;;;;;;;
08/14/15;2.092,;;;;;;;;
08/13/15;2.083,;;;;;;;;
08/12/15;2.086,;;;;;;;;
08/11/15;2.084,;;;;;;;;
08/10/15;2.104,;;;;;;;;
08/07/15;2.078,;;;;;;;;
08/06/15;2.084,;;;;;;;;
08/05/15;2.100,;;;;;;;;
08/04/15;2.093,;;;;;;;;
08/03/15;2.098,;;;;;;;;
07/31/15;2.104,;;;;;;;;
07/30/15;2.109,;;;;;;;;
07/29/15;2.109,;;;;;;;;
07/28/15;2.093,;;;;;;;;
07/27/15;2.068,;;;;;;;;
07/24/15;2.080,;;;;;;;;
07/23/15;2.102,;;;;;;;;
07/22/15;2.114,;;;;;;;;
07/21/15;2.119,;;;;;;;;
07/20/15;2.128,;;;;;;;;
07/17/15;2.127,;;;;;;;;
07/16/15;2.124,;;;;;;;;
07/15/15;2.107,;;;;;;;;
07/14/15;2.109,;;;;;;;;
07/13/15;2.100,;;;;;;;;
07/10/15;2.077,;;;;;;;;
07/09/15;2.051,;;;;;;;;
07/08/15;2.047,;;;;;;;;
07/07/15;2.081,;;;;;;;;
07/06/15;2.069,;;;;;;;;
07/02/15;2.077,;;;;;;;;
07/01/15;2.077,;;;;;;;;
06/30/15;2.063,;;;;;;;;
06/29/15;2.058,;;;;;;;;
06/26/15;2.101,;;;;;;;;
06/25/15;2.102,;;;;;;;;
06/24/15;2.109,;;;;;;;;
06/23/15;2.124,;;;;;;;;
06/22/15;2.123,;;;;;;;;
06/19/15;2.110,;;;;;;;;
06/18/15;2.121,;;;;;;;;
06/17/15;2.100,;;;;;;;;
06/16/15;2.096,;;;;;;;;
06/15/15;2.084,;;;;;;;;
06/12/15;2.094,;;;;;;;;
06/11/15;2.109,;;;;;;;;
06/10/15;2.105,;;;;;;;;
06/09/15;2.080,;;;;;;;;
06/08/15;2.079,;;;;;;;;
06/05/15;2.093,;;;;;;;;
06/04/15;2.096,;;;;;;;;
06/03/15;2.114,;;;;;;;;
06/02/15;2.110,;;;;;;;;
06/01/15;2.112,;;;;;;;;
05/29/15;2.107,;;;;;;;;
05/28/15;2.121,;;;;;;;;
05/27/15;2.123,;;;;;;;;
05/26/15;2.104,;;;;;;;;
05/22/15;2.126,;;;;;;;;
05/21/15;2.131,;;;;;;;;
05/20/15;2.126,;;;;;;;;
05/19/15;2.128,;;;;;;;;
05/18/15;2.129,;;;;;;;;
05/15/15;2.123,;;;;;;;;
05/14/15;2.121,;;;;;;;;
05/13/15;2.098,;;;;;;;;
05/12/15;2.099,;;;;;;;;
05/11/15;2.105,;;;;;;;;
05/08/15;2.116,;;;;;;;;
05/07/15;2.088,;;;;;;;;
05/06/15;2.080,;;;;;;;;
05/05/15;2.089,;;;;;;;;
05/04/15;2.114,;;;;;;;;
05/01/15;2.108,;;;;;;;;
04/30/15;2.086,;;;;;;;;
04/29/15;2.107,;;;;;;;;
04/28/15;2.115,;;;;;;;;
04/27/15;2.109,;;;;;;;;
04/24/15;2.118,;;;;;;;;
04/23/15;2.113,;;;;;;;;
04/22/15;2.108,;;;;;;;;
04/21/15;2.097,;;;;;;;;
04/20/15;2.100,;;;;;;;;
04/17/15;2.081,;;;;;;;;
04/16/15;2.105,;;;;;;;;
04/15/15;2.107,;;;;;;;;
04/14/15;2.096,;;;;;;;;
04/13/15;2.092,;;;;;;;;
04/10/15;2.102,;;;;;;;;
04/09/15;2.091,;;;;;;;;
04/08/15;2.082,;;;;;;;;
04/07/15;2.076,;;;;;;;;
04/06/15;2.081,;;;;;;;;
04/02/15;2.067,;;;;;;;;
04/01/15;2.060,;;;;;;;;
03/31/15;2.068,;;;;;;;;
03/30/15;2.086,;;;;;;;;
03/27/15;2.061,;;;;;;;;
03/26/15;2.056,;;;;;;;;
03/25/15;2.061,;;;;;;;;
03/24/15;2.092,;;;;;;;;
03/23/15;2.104,;;;;;;;;
03/20/15;2.108,;;;;;;;;
03/19/15;2.089,;;;;;;;;
03/18/15;2.100,;;;;;;;;
03/17/15;2.074,;;;;;;;;
03/16/15;2.081,;;;;;;;;
03/13/15;2.053,;;;;;;;;
03/12/15;2.066,;;;;;;;;
03/11/15;2.040,;;;;;;;;
03/10/15;2.044,;;;;;;;;
03/09/15;2.079,;;;;;;;;
03/06/15;2.071,;;;;;;;;
03/05/15;2.101,;;;;;;;;
03/04/15;2.099,;;;;;;;;
03/03/15;2.108,;;;;;;;;
03/02/15;2.117,;;;;;;;;
02/27/15;2.105,;;;;;;;;
02/26/15;2.111,;;;;;;;;
02/25/15;2.114,;;;;;;;;
02/24/15;2.115,;;;;;;;;
02/23/15;2.110,;;;;;;;;
02/20/15;2.110,;;;;;;;;
02/19/15;2.097,;;;;;;;;
02/18/15;2.100,;;;;;;;;
02/17/15;2.100,;;;;;;;;
02/13/15;2.097,;;;;;;;;
02/12/15;2.088,;;;;;;;;
02/11/15;2.069,;;;;;;;;
02/10/15;2.069,;;;;;;;;
02/09/15;2.047,;;;;;;;;
02/06/15;2.055,;;;;;;;;
02/05/15;2.063,;;;;;;;;
02/04/15;2.042,;;;;;;;;
02/03/15;2.050,;;;;;;;;
02/02/15;2.021,;;;;;;;;
01/30/15;1.995,;;;;;;;;
01/29/15;2.021,;;;;;;;;
01/28/15;2.002,;;;;;;;;
01/27/15;2.030,;;;;;;;;
01/26/15;2.057,;;;;;;;;
01/23/15;2.052,;;;;;;;;
01/22/15;2.063,;;;;;;;;
01/21/15;2.032,;;;;;;;;
01/20/15;2.023,;;;;;;;;
01/16/15;2.019,;;;;;;;;
01/15/15;1.993,;;;;;;;;
01/14/15;2.011,;;;;;;;;
01/13/15;2.023,;;;;;;;;
01/12/15;2.028,;;;;;;;;
01/09/15;2.045,;;;;;;;;
01/08/15;2.062,;;;;;;;;
01/07/15;2.026,;;;;;;;;
01/06/15;2.003,;;;;;;;;
01/05/15;2.021,;;;;;;;;
01/02/15;2.058,;;;;;;;;
12/31/14;2.059,;;;;;;;;
12/30/14;2.080,;;;;;;;;
12/29/14;2.091,;;;;;;;;
12/26/14;2.089,;;;;;;;;
12/24/14;2.082,;;;;;;;;
12/23/14;2.082,;;;;;;;;
12/22/14;2.079,;;;;;;;;
12/19/14;2.071,;;;;;;;;
12/18/14;2.061,;;;;;;;;
12/17/14;2.013,;;;;;;;;
12/16/14;1.973,;;;;;;;;
12/15/14;1.990,;;;;;;;;
12/12/14;2.002,;;;;;;;;
12/11/14;2.035,;;;;;;;;
12/10/14;2.026,;;;;;;;;
12/09/14;2.060,;;;;;;;;
12/08/14;2.060,;;;;;;;;
12/05/14;2.075,;;;;;;;;
12/04/14;2.072,;;;;;;;;
12/03/14;2.074,;;;;;;;;
12/02/14;2.067,;;;;;;;;
12/01/14;2.053,;;;;;;;;
11/28/14;2.068,;;;;;;;;
11/26/14;2.073,;;;;;;;;
11/25/14;2.067,;;;;;;;;
11/24/14;2.069,;;;;;;;;
11/21/14;2.064,;;;;;;;;
11/20/14;2.053,;;;;;;;;
11/19/14;2.049,;;;;;;;;
11/18/14;2.052,;;;;;;;;
11/17/14;2.041,;;;;;;;;
11/14/14;2.040,;;;;;;;;
11/13/14;2.039,;;;;;;;;
11/12/14;2.038,;;;;;;;;
11/11/14;2.040,;;;;;;;;
11/10/14;2.038,;;;;;;;;
11/07/14;2.032,;;;;;;;;
11/06/14;2.031,;;;;;;;;
11/05/14;2.024,;;;;;;;;
11/04/14;2.012,;;;;;;;;
11/03/14;2.018,;;;;;;;;
10/31/14;2.018,;;;;;;;;
10/30/14;1.995,;;;;;;;;
10/29/14;1.982,;;;;;;;;
10/28/14;1.985,;;;;;;;;
10/27/14;1.962,;;;;;;;;
10/24/14;1.965,;;;;;;;;
10/23/14;1.951,;;;;;;;;
10/22/14;1.927,;;;;;;;;
10/21/14;1.941,;;;;;;;;
10/20/14;1.904,;;;;;;;;
10/17/14;1.887,;;;;;;;;
10/16/14;1.863,;;;;;;;;
10/15/14;1.862,;;;;;;;;
10/14/14;1.878,;;;;;;;;
10/13/14;1.875,;;;;;;;;
10/10/14;1.906,;;;;;;;;
10/09/14;1.928,;;;;;;;;
10/08/14;1.969,;;;;;;;;
10/07/14;1.935,;;;;;;;;
10/06/14;1.965,;;;;;;;;
10/03/14;1.968,;;;;;;;;
10/02/14;1.946,;;;;;;;;
10/01/14;1.946,;;;;;;;;
09/30/14;1.972,;;;;;;;;
09/29/14;1.978,;;;;;;;;
09/26/14;1.983,;;;;;;;;
09/25/14;1.966,;;;;;;;;
09/24/14;1.998,;;;;;;;;
09/23/14;1.983,;;;;;;;;
09/22/14;1.994,;;;;;;;;
09/19/14;2.010,;;;;;;;;
09/18/14;2.011,;;;;;;;;
09/17/14;2.002,;;;;;;;;
09/16/14;1.999,;;;;;;;;
09/15/14;1.984,;;;;;;;;
09/12/14;1.986,;;;;;;;;
09/11/14;1.997,;;;;;;;;
09/10/14;1.996,;;;;;;;;
09/09/14;1.988,;;;;;;;;
09/08/14;2.002,;;;;;;;;
09/05/14;2.008,;;;;;;;;
09/04/14;1.998,;;;;;;;;
09/03/14;2.001,;;;;;;;;
09/02/14;2.002,;;;;;;;;
08/29/14;2.003,;;;;;;;;
08/28/14;1.997,;;;;;;;;
08/27/14;2.000,;;;;;;;;
08/26/14;2.000,;;;;;;;;
08/25/14;1.998,;;;;;;;;
08/22/14;1.988,;;;;;;;;
08/21/14;1.992,;;;;;;;;
08/20/14;1.987,;;;;;;;;
08/19/14;1.982,;;;;;;;;
08/18/14;1.972,;;;;;;;;
08/15/14;1.955,;;;;;;;;
08/14/14;1.955,;;;;;;;;
08/13/14;1.947,;;;;;;;;
08/12/14;1.934,;;;;;;;;
08/11/14;1.937,;;;;;;;;
08/08/14;1.932,;;;;;;;;
08/07/14;1.910,;;;;;;;;
08/06/14;1.920,;;;;;;;;
08/05/14;1.920,;;;;;;;;
08/04/14;1.939,;;;;;;;;
08/01/14;1.925,;;;;;;;;
07/31/14;1.931,;;;;;;;;
07/30/14;1.970,;;;;;;;;
07/29/14;1.970,;;;;;;;;
07/28/14;1.979,;;;;;;;;
07/25/14;1.978,;;;;;;;;
07/24/14;1.988,;;;;;;;;
07/23/14;1.987,;;;;;;;;
07/22/14;1.984,;;;;;;;;
07/21/14;1.974,;;;;;;;;
07/18/14;1.978,;;;;;;;;
07/17/14;1.958,;;;;;;;;
07/16/14;1.982,;;;;;;;;
07/15/14;1.973,;;;;;;;;
07/14/14;1.977,;;;;;;;;
07/11/14;1.968,;;;;;;;;
07/10/14;1.965,;;;;;;;;
07/09/14;1.973,;;;;;;;;
07/08/14;1.964,;;;;;;;;
07/07/14;1.978,;;;;;;;;
07/03/14;1.985,;;;;;;;;
07/02/14;1.975,;;;;;;;;
07/01/14;1.973,;;;;;;;;
06/30/14;1.960,;;;;;;;;
06/27/14;1.961,;;;;;;;;
06/26/14;1.957,;;;;;;;;
06/25/14;1.960,;;;;;;;;
06/24/14;1.950,;;;;;;;;
06/23/14;1.963,;;;;;;;;
06/20/14;1.963,;;;;;;;;